Date,Open,High,Low,Close,Volume
2020-01-01,199.03243397001452,203.97329515742922,197.0085029185773,200.0,51155735
2020-01-02,196.59889183206536,199.77431933141844,193.9324601765688,195.3533458686715,33605368
2020-01-03,195.0216499113483,197.5524878210569,191.79500398588988,194.72054964788356,72534881
2020-01-06,189.64870078795158,189.92946253830513,189.39259674465848,189.92612645868084,69659843
2020-01-07,188.26173160070076,191.63309736858042,187.76603407631748,188.1117685933602,71556634
2020-01-08,190.12391410253704,193.0863890631816,185.96528536922202,189.44530691612152,59785470
2020-01-09,197.7803488304782,199.42406115984784,195.47158318564132,196.33446269289843,65821500
2020-01-10,192.36966502652163,194.0454018471581,190.6365782037067,190.65507355029465,47713622
2020-01-13,191.427574591153,192.18667820298447,189.83939265632046,192.0656492234464,66314718
2020-01-14,194.39778649218263,196.4616066813417,192.46955818553067,195.35143185669722,40102130
2020-01-15,188.85231390589152,191.35910983816797,187.09553562743284,188.25920617151172,37351678
2020-01-16,183.88372416375176,184.25982206330025,182.60326515293767,184.23543741746883,69429402
2020-01-17,181.31262996157514,182.8204716494485,178.73678931573946,182.36223008087975,71783074
2020-01-20,175.4249862453598,180.10385185875532,173.2212065397076,177.07889672884048,38401125
2020-01-21,181.3035103514962,183.4943162488374,177.70749235108596,180.47120314785823,90686891
2020-01-22,177.68370654671435,178.88262675920976,175.9586738525864,177.62631558392277,65302163
2020-01-23,181.6824394759677,184.88671392561375,179.97452134920997,182.7693761482586,39670831
2020-01-24,181.18334067509468,183.2079252651909,177.58522032519934,180.89775523676363,62831355
2020-01-27,180.83103669836183,182.4058727199878,178.13442204123194,181.27386659313953,41731466
2020-01-28,181.0717648560665,184.0279960642236,179.64238062778452,180.95278049224925,74276217
2020-01-29,182.59087668633137,183.1096358636284,180.6359873810486,182.03817682727575,88179525
2020-01-30,180.85283347859644,183.92589948162404,179.85467515739904,181.46378961879248,52647374
2020-01-31,180.15545867487555,183.86100528619278,178.63887306940853,181.15548024092988,83071333
2020-02-03,181.604294159604,184.7537145203001,180.9034612940154,181.88536934565312,55617251
2020-02-04,183.51505187803784,186.49446233533865,180.5060499634475,184.06458180518183,50304755
2020-02-05,183.64506135594849,185.26817265644846,181.71426320661163,183.47640993369,43677923
2020-02-06,187.47379988228775,192.5135492070866,187.46439786680835,188.74783834698974,50507763
2020-02-07,191.32561085573033,193.510470718351,187.62166408625322,189.60622393982058,92677549
2020-02-10,189.22721221241355,191.30128175033238,188.1109359619339,188.19601494211935,58372742
2020-02-11,191.3491790397231,194.0410046809433,190.76161247096232,191.15223854902416,37958861
2020-02-12,194.9610068268259,195.54359950105328,194.37915895264223,194.7772018887196,80817025
2020-02-13,194.9175659526078,196.17593697262112,194.6121212635162,194.83175108608575,34671459
2020-02-14,198.98231514890648,200.7491105920129,195.11686012331424,197.47012225916382,49049188
2020-02-17,197.67968076508788,199.1155206694113,195.36864687401803,198.83583679132434,45801469
2020-02-18,199.2439332260824,202.15141128349413,196.3135755497184,198.3425715646145,55875195
2020-02-19,195.71992976843788,199.78329504004003,193.63325697909247,196.98874723748676,60080212
2020-02-20,194.01954342323313,197.21644478664106,193.61164511827437,194.96603888944685,64291566
2020-02-21,191.24838957629635,193.28528806606496,188.61125497808624,192.78196509014265,73731208
2020-02-24,185.9910442873033,186.0681179001186,181.52969126482517,184.41695870171273,39313211
2020-02-25,185.64918991730107,187.36415661453802,183.27445821155717,185.51446247883837,86850705
2020-02-26,188.0129260917844,189.39231030158365,186.48874607090207,188.6547784760674,37710024
2020-02-27,190.71866815488104,191.5356018199658,189.09545648473443,190.4054075270782,73128425
2020-02-28,191.15019780056633,195.08809846288835,188.51360389171109,191.88804296769942,51802875
2020-03-02,185.79736207799252,189.92329028147037,182.53677322646874,187.34736437599375,56415134
2020-03-03,186.53290679987356,188.36518953113352,184.6004687940935,185.86684927994602,32397719
2020-03-04,184.00958223946412,184.0549639706752,181.4610279801651,183.56225723002072,60724019
2020-03-05,180.427755555519,181.8479782813736,176.3282007466979,179.87226093828355,73013478
2020-03-06,185.3848364787312,187.85106641061756,183.7754594816741,184.0146650132699,33359131
2020-03-09,181.06468118724104,182.42647913393213,178.10998116609144,181.2278625264671,78081259
2020-03-10,183.71737922597598,185.2456685874698,183.16003816891015,183.66188063317196,78272798
2020-03-11,180.48262234255552,182.085612773832,180.08191622529057,181.18178064321685,68032905
2020-03-12,180.47836172305702,182.3285847564573,176.9321960236521,180.39949702753256,83094225
2020-03-13,183.9409441234826,185.10620727119883,180.95510522233167,182.60294576012845,97522902
2020-03-16,187.84815273092002,191.08166881322165,187.28410032271807,187.66661513153528,52113888
2020-03-17,183.38646433303435,184.5156414526095,180.3469785164115,182.88451881824892,55431668
2020-03-18,182.43480805617983,184.03575008027,180.29507304186228,182.97567789607996,80865356
2020-03-19,184.00994129299946,186.51373679735082,182.60437321160913,184.26821113554644,80126778
2020-03-20,184.1654262257976,184.38229294303912,181.30171807576082,183.46188947163498,72099888
2020-03-23,179.72889015510054,183.43023851281396,176.30073627747765,180.4773455318798,45552451
2020-03-24,183.60232403446483,183.6044212267119,179.4319868361011,182.16884574985508,41942089
2020-03-25,181.15420566331161,184.34548783716738,178.3730413123753,180.97212736638645,72650797
2020-03-26,185.1401632887603,186.15489579134154,183.3705698323312,183.47835529212944,88720254
2020-03-27,183.18601957078582,184.93007218359193,181.81447759170987,181.94193859389225,49928640
2020-03-30,182.89404175517657,184.1662184854179,179.0048984998176,181.71878622649643,41158879
2020-03-31,181.41468326045307,183.1773046869929,179.23624856395566,180.35027295859058,33247247
2020-04-01,175.71469242516326,178.18382137575688,174.5642440118603,176.2539023375753,66848508
2020-04-02,171.8385273168613,172.52571619930129,169.12483031593754,170.64364404038017,64290002
2020-04-03,172.5032617897103,175.24551594025937,169.26149215175573,170.8144782564937,54875293
2020-04-06,167.94716812123306,170.36821132317422,165.58241688362347,169.49369312674705,98006424
2020-04-07,170.6879143379562,175.64202525388248,170.33147927678633,172.28198101330696,75693665
2020-04-08,175.17865685482653,177.643941799944,175.11368821262408,175.43099884984372,74033760
2020-04-09,174.31534658102518,176.79985338805236,171.14746573552154,172.68478782878674,38842529
2020-04-10,176.02849491396458,178.64660396560257,172.62993398139602,176.76790515625672,97683183
2020-04-13,179.36859861360594,181.45067088835538,176.35867774628574,178.72517351726933,40254593
2020-04-14,174.9813053970381,178.26578603915843,174.24189084825304,175.92466472443277,81292602
2020-04-15,176.80795893672868,180.3519074848991,175.35204063678762,177.77284820124612,69564200
2020-04-16,177.62049450498736,181.41566331498873,174.1657004621504,178.03707798678002,55235816
2020-04-17,182.8794866125272,183.2465565925407,178.21666012666114,181.79969235753742,78691724
2020-04-20,184.5633519896309,188.29001432217228,182.14994642455125,184.69576177247134,32305985
2020-04-21,179.87576156131425,181.94556800960726,178.291710729042,180.94434117181538,49932802
2020-04-22,180.0570500886364,184.13224439488553,177.2887957074787,180.66601327157176,32233246
2020-04-23,184.02197272905727,186.25547097792145,179.60872513110888,182.44364332596837,98954615
2020-04-24,181.5330957136958,184.6231573550054,180.19499599498064,182.82717236657945,50376917
2020-04-27,188.98990275072345,190.9754820501658,188.33997604502193,190.0036941299146,64943064
2020-04-28,191.20013637129523,192.69339719702066,186.56037964535457,189.70352416286613,50793335
2020-04-29,183.11505020312617,185.7463614729949,181.29704731891357,183.78981412575925,56179646
2020-04-30,180.6490508920272,183.4219280973511,179.68306536867374,180.63003808911998,68510069
2020-05-01,175.54101595091754,180.11648678217958,175.04115419753327,176.79148087431932,36583443
2020-05-04,174.48600147975796,175.93855406960836,173.0580090552044,173.9453178193825,92254754
2020-05-05,174.6688465064923,178.3581713846526,171.3114275739921,175.6902361854,58976927
2020-05-06,177.00999572736671,180.15110587991987,175.36462657165575,177.63436381700566,87843272
2020-05-07,180.97563446204092,184.33572433952563,179.0132686562495,180.03774663644447,44755618
2020-05-08,179.82109236215254,182.90291087121315,178.51078330049398,180.70640442955676,99062271
2020-05-11,182.57419417815618,183.86745397932302,182.11692372005837,183.36953819535037,70001709
2020-05-12,182.97207933827312,184.9608759679167,180.4748572272439,183.1345212046566,88120697
2020-05-13,184.11272809863308,186.83577326652318,183.18243832667622,184.76358815081693,38943877
2020-05-14,187.57307529371266,190.18461996441633,187.47299217127153,189.3424414956212,38602438
2020-05-15,192.02827804323235,196.72203995118076,189.7700014413313,193.46373910110967,35891936
2020-05-18,193.46977792655247,193.7656046873402,191.55530421485878,192.09009018792463,81980302
2020-05-19,189.60229465504807,192.4746247913723,188.4289004265885,188.49202460889973,60293933
2020-05-20,194.34895405066263,197.92780023728554,194.1248547094774,194.82457135128945,45122860
2020-05-21,189.2860936170477,190.0651347292667,187.7373523418109,189.21663942315624,35042806
2020-05-22,184.6675229786125,186.0360423107219,181.43964720476208,185.81353475425678,82334639
2020-05-25,183.18986687390466,186.57423030768226,181.4547376946834,183.97564463901645,73379783
2020-05-26,186.2565694142198,189.68780270132584,183.85097208061057,185.8872067289526,41723320
2020-05-27,188.33581609472427,188.82708641184425,185.88125140318857,187.3308992630598,63352647
2020-05-28,187.14886942718064,188.66055211398285,184.3063384083123,187.35484376348555,43291389
2020-05-29,187.7828021885371,192.30238871458664,185.28490479038356,189.52235784898326,59300116
2020-06-01,190.54889042328782,194.0255006517733,188.0788041323035,191.59197611984578,75628911
2020-06-02,190.06120485669376,192.20407906969567,188.1582500562519,188.34767269375877,92240501
2020-06-03,189.91181725673948,191.17779502960806,185.09329117280242,188.7187099297606,55010954
2020-06-04,188.40585236540446,191.43543093273314,183.03473435774058,186.69022223388293,55300596
2020-06-05,186.78454776212408,188.12823062123402,183.995300059859,185.66813363894448,52625453
2020-06-08,179.94269741178923,182.98309864153194,179.26514513055642,181.33047631827378,73984816
2020-06-09,180.79330634406756,184.23430027227468,178.22083642859704,181.15836991408722,44537646
2020-06-10,180.665112525733,184.82401785667255,178.22022123436537,181.48915803765382,84331556
2020-06-11,180.48727924943452,184.04059498468797,176.66453990209644,179.41168187047631,55879481
2020-06-12,176.18108043855662,177.34808364135262,175.35200580585445,177.2292052764096,56896573
2020-06-15,176.2658997005439,177.91585848853347,173.5081216139152,176.2414970728408,71951176
2020-06-16,175.4225854913971,177.9853342419431,174.91710963444754,175.35323268530152,68069971
2020-06-17,172.51010348183473,175.83947348467842,172.383434185363,173.78806968997228,57781939
2020-06-18,173.88629261753306,175.49263148518583,172.4141588303142,175.0937189605192,38495747
2020-06-19,175.82356695371894,178.15213198016997,175.61361622519428,175.80800259379714,91801759
2020-06-22,174.7097849799898,175.30754000371428,173.40123902791834,173.7202778056527,55641126
2020-06-23,173.8528568425327,177.49830287901045,173.11460848828105,174.15058319066918,74595034
2020-06-24,173.33716183780587,175.28884194738774,171.84422049050204,172.88786428131917,64778093
2020-06-25,174.13434155393062,174.17694132366216,172.07015943241765,172.5857733830467,65307564
2020-06-26,177.50027460842338,180.82738286421102,173.82013063636967,176.51476563856392,38083316
2020-06-29,178.54975619902433,180.34814214874618,177.6172787543382,180.12766023645258,79542065
2020-06-30,180.48378160444614,185.55951564372035,179.36731142139232,181.997091766409,68613019
2020-07-01,186.17559171049848,189.68910505654276,182.65399114520827,186.5725519531461,67552736
2020-07-02,185.6611030527369,189.3991594847458,184.7276388682364,186.5061400226089,49253223
2020-07-03,185.2404865951157,189.5466184415624,182.44853908736246,186.92424105178654,97878868
2020-07-06,188.25523857090846,189.10501811904604,186.91418102574866,188.47138175403654,54699222
2020-07-07,189.0633652746214,191.0649927001457,188.0298642187065,189.25398972442687,53385037
2020-07-08,188.36873447396036,190.32351446096635,185.8537603505971,187.71872644522097,43279473
2020-07-09,185.14864740005615,188.5317163007439,184.7168644942743,185.3208238486357,69425511
2020-07-10,186.9745065657552,190.08585342523892,186.02265319175902,186.75489117151534,94643668
2020-07-13,184.12641659953388,188.6024709961296,182.91202832871986,185.06636542363393,36000745
2020-07-14,181.22554740742868,183.27948321855553,179.12989759763354,181.62190936996276,81489358
2020-07-15,184.66262380544677,186.86736182614987,182.75559326455195,185.01514260338314,31391062
2020-07-16,187.78355009016693,189.5743509326063,184.20770826331812,186.04777728268732,33773731
2020-07-17,178.66391226619717,182.36844862106133,177.3645992291045,179.15426377226032,31328166
2020-07-20,177.39362615360884,178.24131207316364,176.95742297568765,178.21934239632148,63858224
2020-07-21,175.41257529921378,178.75738882940325,175.10924462905527,175.50362554163019,74133363
2020-07-22,172.33005205567045,173.8799966725991,170.56131531422704,173.86161366572077,76070769
2020-07-23,171.87987867222208,174.14907836684566,169.80100891280054,171.4211550572452,97801055
2020-07-24,170.49131869290653,171.9664573606805,167.76128655369095,170.62834562668752,77774782
2020-07-27,176.05581898967827,179.14547291681492,171.96054983896258,174.39920404683437,54204053
2020-07-28,174.85196029436887,179.8067014622267,173.41311006339387,176.33191513080155,97285267
2020-07-29,176.8503321831957,180.53934769331386,176.66661302195752,178.2443672936122,85141353
2020-07-30,179.06023258047188,179.43676305044835,177.89483612880275,178.25998196437865,46169640
2020-07-31,180.05826469342537,182.27909030720647,176.9928714867258,181.63802450884214,65210683
2020-08-03,178.89923923610067,181.75906897220418,176.45291753441637,179.70910369973927,43188634
2020-08-04,182.0347724145708,186.46755807766357,182.01334235187437,183.63337529192776,45189193
2020-08-05,182.855548869824,186.51284400028123,181.8883928956143,184.51032452328965,96762401
2020-08-06,187.44117482834866,189.22556008628712,187.07447033126277,187.83137836285468,89084835
2020-08-07,186.8529463222279,189.79321382221872,183.86156157980582,188.1889797526061,62307895
2020-08-10,192.36844180137578,196.01079075725218,187.24875573934892,190.7559211326358,67891420
2020-08-11,190.03728293690787,193.26141097284955,186.5929820989827,189.57571763755308,61293142
2020-08-12,187.37007127974132,191.1215027747057,185.1510064990708,187.719329873109,38758201
2020-08-13,188.82159046073292,192.35233218603557,187.3971831580425,187.74525136728667,74081297
2020-08-14,185.8379448905513,188.20538962323909,181.72441466110976,184.41267473906393,99122206
2020-08-17,183.08993894366847,185.89698411045694,179.5008857043094,184.89312089065646,97946097
2020-08-18,189.23851682873158,192.7318280616349,189.0855385736173,189.10658340222096,75962853
2020-08-19,192.53342229647458,194.63413699314245,189.1179086348556,190.64393908700623,32547500
2020-08-20,186.9858277371406,191.04056424202201,184.41258758016795,188.45355055781812,61149131
2020-08-21,183.55122638989477,185.81281014573284,183.2423920877216,185.01011951972708,91285473
2020-08-24,186.45327225018775,189.16853287469587,185.71995945409049,187.0695282024918,93437790
2020-08-25,182.83183541102596,184.94333753319623,181.52955205939693,182.9510362142081,78924298
2020-08-26,184.15188931463433,187.82989091376064,182.82290972958214,185.62781632174872,57740378
2020-08-27,184.77730449788754,190.03777791029918,184.6492296486137,186.54569064204514,55199679
2020-08-28,189.37249242960712,192.3551348943009,186.34281370033474,187.7629726330562,66842825
2020-08-31,188.0079571178601,190.0064117287377,185.85221818248013,186.20260243536913,44186165
2020-09-01,187.69084693512406,188.738228314229,183.08995381797627,185.92568227574463,70208768
2020-09-02,182.69930785276586,184.92069843953303,182.19885463222008,184.21518751516348,97978773
2020-09-03,185.61352864935495,188.43599834246837,183.24014488376204,185.37829679161297,58726825
2020-09-04,178.81135402501027,180.82905558735854,177.80545806090473,180.58615482033758,33217938
2020-09-07,178.26491026351698,179.11429028910925,175.02334016369898,178.09377761622736,37290682
2020-09-08,183.75062521512044,187.2095305620206,182.48383874719966,183.01815020504614,88192023
2020-09-09,182.67082762298006,184.4153614555066,180.4299582538275,184.1970012481749,58807267
2020-09-10,189.5786921446772,191.8545767192321,184.74025011970767,188.4037031109657,71395242
2020-09-11,184.53915285622082,187.8080133262182,183.23282464462505,185.19164757806843,68428786
2020-09-14,183.61382923969146,185.1184714283308,179.00663421991155,182.40885064418367,40409325
2020-09-15,179.13025618396512,180.65482301151073,175.76904751864666,180.49349926931453,35698479
2020-09-16,178.14292024634608,179.46856667518313,174.3465282697147,177.4022984781203,99335272
2020-09-17,176.35715800136282,179.24223596959538,171.84340675560983,175.1809119866945,42854773
2020-09-18,178.90360547204511,179.63296008255045,177.9910496687327,178.63462185238745,55625807
2020-09-21,175.17751158821673,176.96084158341606,171.97582580247786,173.98913907045585,70951136
2020-09-22,172.91343784408886,175.16524778128348,169.17825554392678,172.00624660551958,81582783
2020-09-23,172.98771934015235,176.1995157635265,171.75758663469446,173.86684427734383,74433888
2020-09-24,175.15495358252363,176.7085560962436,172.6168408160975,176.2743538026162,72745432
2020-09-25,175.61848415363082,177.62143250450887,173.84737870109907,176.7409914980567,85725046
2020-09-28,176.04846258062997,181.03201026755576,175.76778451068287,177.5041545652687,79182940
2020-09-29,178.5951099796511,180.3706203423316,175.19026345035647,176.98111318900118,86368552
2020-09-30,172.8774369868666,175.73702468189038,169.46314422811608,171.59506234140565,41137226
2020-10-01,173.1633518333467,175.86855363675346,171.87071060766647,174.51597761810626,32092092
2020-10-02,170.4716572605523,173.61581688048406,169.948560285878,170.41016285183568,94961288
2020-10-05,170.43964753970613,172.37278868925407,170.1339261419177,172.04424474992362,57523110
2020-10-06,173.9015202660354,174.245269441326,169.9267774015285,172.32430217540298,72757947
2020-10-07,169.2251852615798,172.04879209447662,168.45900736637074,169.8227671866971,87454913
2020-10-08,169.48640673013116,169.5332791407764,167.36282730811527,167.8955770570738,99100854
2020-10-09,169.06117984318166,170.6488893759286,168.0145311015509,169.39083348467568,95665465
2020-10-12,170.10860973523134,171.55578599064015,168.54863769074024,169.8599054370801,58205810
2020-10-13,168.08908711308786,171.7696639890126,167.83449571165158,168.7273033840901,88133456
2020-10-14,164.3560982405416,168.64004076315936,163.1318521021703,165.66586832222484,40727253
2020-10-15,165.24976205722572,168.70081001462384,164.9116624829399,166.1424779514624,53093268
2020-10-16,168.24315509428348,171.03114600715216,164.09509060022322,167.11877477981105,55849544
2020-10-19,166.42806103703913,167.9739409697961,162.4427366702388,165.15620488738455,47485701
2020-10-20,168.30348291894967,169.8359639879695,166.05289347050686,167.28921224944764,81825227
2020-10-21,165.24691096309647,167.9404571632291,162.47104877874298,164.65537805071895,43456269
2020-10-22,163.82122691701232,165.0110714509,162.81218731229197,164.07981489433303,48373361
2020-10-23,164.21398273523147,167.30404303879806,162.15212268113146,163.85568136650198,55696911
2020-10-26,163.73090092666968,165.64673954990243,160.35978073743433,163.3149009214191,93018393
2020-10-27,164.2200551505092,166.76645630626146,163.1799327190389,164.3755449620454,49842098
2020-10-28,162.00768847879277,163.8299663379044,158.96591769327924,162.63449710260957,75749074
2020-10-29,162.7090722407095,163.74761088130288,159.31741510703142,162.25594210332252,31891068
2020-10-30,158.93618014701923,160.68169915302474,158.67960145619247,159.80465794687467,53537407
2020-11-02,157.8751897113564,158.48801245220545,155.51260789913613,157.00596993719319,32756622
2020-11-03,156.79364833453997,158.98907507118648,156.45901724364052,157.56998435003638,38360464
2020-11-04,157.67146513006458,160.20992280706756,156.12618322235963,157.4730132627807,91208084
2020-11-05,158.97413321469776,163.56216592812893,158.0973556574632,160.42279048493072,54055334
2020-11-06,157.50772298526996,159.79565188768171,154.85396068226493,158.13107756961696,78994792
2020-11-09,160.92371040449572,161.85003054722858,158.44860907096498,160.73756337987675,81657823
2020-11-10,166.42701044432624,168.4941871430572,166.07999418807591,167.39186265868528,79413894
2020-11-11,167.25136004523463,170.11379779652506,165.29526734357603,166.17448931366832,64207760
2020-11-12,172.40035948310182,173.20686203983325,171.04332780776292,172.27813232221763,42005317
2020-11-13,166.10351266059655,169.88283943672496,164.1041320889371,167.46903394679128,39477725
2020-11-16,169.02369037869968,169.23663369499735,165.04521157203794,168.04172083718876,69898859
2020-11-17,171.59566162100657,174.93918453371765,168.91937301795141,171.4316082253728,31222370
2020-11-18,168.77784070641334,172.38085732219008,166.43706758165408,169.78402027330725,89690297
2020-11-19,165.97559144488423,166.9748681207458,165.87236257050012,166.6854527933578,58201679
2020-11-20,169.17454110776143,173.47180162817682,167.03763120335972,170.31866545217483,53704291
2020-11-23,172.3173004022027,174.47949553167928,170.34293448977914,171.137594313388,49619121
2020-11-24,167.15043558016527,169.537997047465,164.64227696877123,165.57783287867915,45034521
2020-11-25,166.9067776265302,168.2601737250904,165.14693470893252,165.93434579177932,37766244
2020-11-26,162.23273417812914,164.49964552412555,160.90938976410845,163.3299285129444,95878106
2020-11-27,164.82628241741315,166.61219463051188,163.2865030181028,164.2582175307798,51707986
2020-11-30,169.75009613979796,172.78748715979052,164.98031574082646,168.25044690160846,95045481
2020-12-01,167.23467359175382,169.54571519513496,164.3584043579002,167.73135476109246,50534479
2020-12-02,169.70501258152785,171.04061283415786,166.14516287220124,169.15886783862783,69261966
2020-12-03,165.5540942779938,169.28147160522073,164.1838187962523,166.6210803728129,96501565
2020-12-04,166.89673858463075,170.58772812259735,164.3411466220179,168.22140414476806,40721488
2020-12-07,169.62071097052592,172.20089484263448,167.33969250724272,168.75403562241115,55550332
2020-12-08,170.4496273295391,170.9591880611768,167.01336979859906,169.81829887601077,53824580
2020-12-09,170.9094116015261,172.3464666705664,169.2530303456509,170.4101194209835,46216733
2020-12-10,171.34180337808667,175.5909440804052,169.50100463296832,172.50480799616244,56007153
2020-12-11,173.08222581299876,175.41387385118054,171.93979268399644,174.65856080595742,41332283
2020-12-14,170.76357115936835,174.10327470387065,169.09545827575252,172.47386873727928,49668542
2020-12-15,175.68362449622603,177.73711860985046,173.5224028050741,174.23365171639557,78210776
2020-12-16,176.21014375529762,178.62893310014687,173.80164170780284,175.81930963882016,92514528
2020-12-17,175.41766907417554,176.70902470197296,172.55373255307816,175.51016345439126,84284709
2020-12-18,179.25706357306566,179.36146594909445,175.6497053037009,178.48032210678056,78693826
2020-12-21,182.94042759930912,184.26953963937692,179.31991909163247,183.16643827384183,61239774
2020-12-22,177.3242227937475,178.516136072922,174.8392516078507,178.0210520148398,94059245
2020-12-23,176.6535480329714,178.02884419653634,173.71907470380424,177.83148606046717,50641477
2020-12-24,172.99547142376588,175.15928036945155,170.12155973355266,172.59050928061072,93077006
2020-12-25,169.86978669089757,173.31433688466214,167.99932723346416,170.58256317609252,33983520
2020-12-28,171.67636251995552,173.2977188765039,168.3671185044381,170.8898696854892,67707863
2020-12-29,173.54090557293128,176.38736150117992,171.7236729751325,173.59290091635893,55025040
2020-12-30,167.9950291882194,169.95299666774733,163.97778740252096,166.9747914386388,64956170
2020-12-31,170.66683831113235,173.7636636385143,168.30318052382358,170.69982769027865,62680899
2021-01-01,170.52543180381505,170.68358657081944,169.77782740135373,170.15233690752115,42228339
2021-01-04,175.08381381485475,176.10170971144075,172.07213164840184,174.20106985421648,73795085
2021-01-05,171.78060599073626,175.18304800864698,169.90645038783668,173.356772889511,70846008
2021-01-06,171.59934137195,172.63982738479174,171.50343230583934,171.94287157896582,40312055
2021-01-07,170.0844799012132,174.34419192941277,168.48137252696006,171.3469338201436,70062213
2021-01-08,174.85880533441764,176.40915395546511,172.87830607779904,174.01063560844614,90303111
2021-01-11,171.71471635604001,175.6302619918331,169.44842631027166,172.66413095600134,60393679
2021-01-12,174.2128717903133,174.90705946337195,171.6131937201275,174.65228472191035,36535896
2021-01-13,174.3020301492968,178.24096911187675,171.1067732652332,175.0259517213737,37271747
2021-01-14,172.4687912043622,175.19992285489852,168.99275204784092,171.36513636100761,90369371
2021-01-15,165.4966481899387,167.75924840585859,163.40693867643094,164.26812489014756,77827991
2021-01-18,164.3075557565421,168.2116490128581,162.79806397551243,165.8053853724601,93067029
2021-01-19,165.06249401925396,168.34575287252264,163.51533514120075,165.75732222352,87684827
2021-01-20,168.6158686259938,170.13306329026184,167.01158220341992,169.76297397255107,54342958
2021-01-21,166.31621147828696,167.4692165238031,164.82608070304656,167.0028474695856,58193617
2021-01-22,168.4763522590239,170.16202999362383,164.66876183592802,167.47003085280613,67955471
2021-01-25,166.3383448319006,168.1431517875124,164.5375806710049,167.96091008328048,94095694
2021-01-26,166.42534233317207,166.92093983432497,165.65140092775476,165.94675752647996,60718297
2021-01-27,166.7424730230152,169.96253285840407,162.9671969601514,165.18315797680458,54681639
2021-01-28,162.60102917609444,162.73290229380933,159.9477664206713,162.63107824992895,72942302
2021-01-29,160.10785336063012,163.30219465417622,157.04558455979517,160.8876259018989,48293999
2021-02-01,163.41505625441135,165.66853230061298,159.94828645322843,162.37300251407365,92564746
2021-02-02,164.14675139431276,165.81282562643835,162.33396586366268,164.94716138351433,60076932
2021-02-03,167.41237062175537,169.14001161038374,165.51090547257573,168.77873065720433,85523708
2021-02-04,170.53076261333635,173.2502908071607,169.53463309968186,170.14843973168587,75620219
2021-02-05,169.65848262667967,170.98109371350637,167.33320566863225,168.568585618212,94155946
2021-02-08,167.97004890265188,169.4979235824507,165.09177058246075,167.204710131967,63591079
2021-02-09,168.2036106493486,172.7826098212841,167.36767366117715,169.53615951920767,49575548
2021-02-10,171.09580407878755,173.51803022971256,169.78669754917127,171.97971791411047,51421776
2021-02-11,175.84853820065058,177.7109691097387,172.57802731956232,175.01834234721147,95307389
2021-02-12,175.91487659031506,179.38488656901424,174.7627825549383,176.9930577397752,57316141
2021-02-15,169.06711204346792,172.47030568442037,166.55258842675104,169.93027162698496,98359425
2021-02-16,168.8510446129588,171.24008976993372,167.5141707997851,168.69846968760623,98194084
2021-02-17,172.66891906853817,175.34881903354557,171.38282783916185,171.58113006758143,85083351
2021-02-18,168.04944838756907,170.19118551282517,165.45570844725182,169.12513100460671,87917541
2021-02-19,166.79229588042995,169.6245711453698,164.8386308871659,167.2515105607459,95089455
2021-02-22,163.69172963777356,165.18479671041368,159.5697992944613,162.32269414452227,82439222
2021-02-23,166.33687566070066,167.66862319359373,165.6144165618048,166.19054836204046,47847132
2021-02-24,158.64424887150574,162.21450593018938,155.84888239558697,159.6513121813623,83097203
2021-02-25,162.69751974266208,164.79408392464842,161.92098545063118,163.5193472784528,81787969
2021-02-26,163.78779234155084,166.73796118715268,161.69952774593634,164.46225153235366,65682632
2021-03-01,160.59170067556897,160.69000644942318,157.75884692602446,160.61635041718512,53873929
2021-03-02,158.65729636990147,160.85644101867751,158.175357775369,159.07382710460848,73315194
2021-03-03,158.70075305091888,160.6541082037769,155.5634728758714,159.37763938625204,66816516
2021-03-04,161.08923815508842,164.12418689898476,159.44305730560325,159.91312597689839,42689094
2021-03-05,161.50414169224447,162.74679061379285,160.63830403976516,161.17965709063267,91462950
2021-03-08,158.16129838626506,159.30049215161972,157.21527471574134,158.2086760771633,70405792
2021-03-09,158.49000950525058,159.34253712817923,154.45395376326084,157.3093969797225,54003696
2021-03-10,155.45606537754952,158.2438552821007,153.61839785528477,156.69422129587326,80813578
2021-03-11,158.23534877875636,158.9015199411122,153.8703261991171,156.82640489972434,72767802
2021-03-12,159.24071966241175,161.4666147597815,155.6650617121107,158.07739811407927,67617841
2021-03-15,155.36124828197526,156.18981451844735,153.41707205485076,155.9714082170195,75430743
2021-03-16,153.3133205902077,154.8418726341581,150.42670851751797,153.74533829755035,54571860
2021-03-17,155.23495741466496,156.95405637716297,153.65024563016922,153.74204234990924,60695079
2021-03-18,151.88797581075838,152.52006666158545,150.78462866779844,151.30305820507118,45965512
2021-03-19,152.1895482947122,155.24949581710112,150.07879017225798,153.20967235921293,32021533
2021-03-22,152.84840391889585,154.90709816513188,151.3818183736753,153.24942846063811,42270469
2021-03-23,153.46193917819875,153.74931973876963,151.98067388082043,152.52352663146638,95933518
2021-03-24,150.41250118537928,151.51538346150932,149.57538323944104,150.83375176852212,84866620
2021-03-25,148.63604228838477,150.01330717290963,146.60234172774966,149.89688685126524,88134009
2021-03-26,144.25412772336583,148.4121970806666,142.1961567594463,145.67092263720008,79923674
2021-03-29,145.8583145377028,148.08058348714167,145.1036021396114,145.76323243508435,38833177
2021-03-30,148.1924226161781,150.38169659987477,145.11488913744765,147.06668725605473,66156369
2021-03-31,148.35604837871537,151.30159218797118,147.0870131606433,149.07388679766146,44318308
2021-04-01,146.28625342470687,147.50137440131164,145.47207834592476,145.8881489286587,69650496
2021-04-02,144.06760795595596,144.35163220229057,142.25027322464692,144.30374147884473,50148962
2021-04-05,143.85137621901663,147.50143674661186,142.37564944941218,144.64840747746453,44860694
2021-04-06,145.7136779975871,146.4764874323104,142.14327372785579,145.01317569655043,39749110
2021-04-07,142.97942346601678,144.31484931691259,141.51858045290115,143.7690717144726,57045674
2021-04-08,145.5911246924073,148.50705624599857,144.85396766970854,145.99879781994093,49441050
2021-04-09,149.59413390517375,153.70173004997974,147.2289245883348,150.9009934341295,91126974
2021-04-12,149.06370458486597,152.18335211014468,148.9254818990136,150.51225561115078,43678748
2021-04-13,146.26940489992393,148.98385786539538,146.25230142358603,147.20304740534232,66427122
2021-04-14,145.20286333395612,145.97826332289762,142.83751504215206,145.05252211153578,70791344
2021-04-15,142.58683429814553,146.09223877456924,141.3868711010308,143.5379255749176,98937295
2021-04-16,142.34376289467187,143.6378498836692,139.5323701799399,141.8274405545596,92261232
2021-04-19,139.69716126992188,141.44987987851016,137.0337714825808,140.5242572755627,52130529
2021-04-20,141.76514922571312,143.20563333857015,141.04426017617715,141.8835851064318,89364737
2021-04-21,140.75172305633276,142.42393126958933,138.85837631685035,142.0939221214247,85014666
2021-04-22,144.00482682979094,144.42942717107084,142.35578832543823,142.7814600482579,94017191
2021-04-23,140.98574996653298,143.0748588333428,138.5106848019881,142.20814407945272,42512578
2021-04-26,142.73736445517903,144.9557205665788,139.871613048243,142.5924019515468,48109154
2021-04-27,144.9478402908053,146.29260981387299,144.41451603789588,144.8066328511944,58562564
2021-04-28,146.2216079907802,147.7049665519055,145.40595149355752,147.56098407154585,37558885
2021-04-29,151.73172167690447,154.4330811658954,149.53369354184062,151.52735181592814,47337184
2021-04-30,152.47482115378702,153.12513690890262,152.02403911673312,152.12932304271703,83715356
2021-05-03,152.88881321676138,154.47178432337464,152.8701230321221,152.93845232392457,82767067
2021-05-04,154.27775632735586,156.2564729467976,153.58386818614858,153.7600070287931,91845011
2021-05-05,153.87197949679012,156.33761580519177,152.1871053130719,153.7479348531162,84107772
2021-05-06,151.02823332115145,152.86375426184816,148.7768103512622,151.06778335528642,78036697
2021-05-07,151.7488552752971,154.6976987122052,150.18156879287287,151.66793917002417,93636674
2021-05-10,151.78935252163862,152.35868215626178,148.63504475660105,151.29608271582936,53345859
2021-05-11,155.37813344118425,156.23536024921046,153.60540794217349,154.9500463598262,95311055
2021-05-12,155.21215941859498,157.18395865435554,154.06119036640126,154.7508301415779,34265541
2021-05-13,150.40186486768184,151.25786380932442,147.61543456780356,150.85698939205292,77728142
2021-05-14,150.94164603262686,153.04502417656474,150.17930585647875,150.74342973768225,71666908
2021-05-17,152.94009671710225,154.12894813296163,150.56468433569992,152.24366386039344,82586656
2021-05-18,149.4410271494533,150.9560240147898,147.79544145205548,150.63767709013214,71718538
2021-05-19,151.8865648369234,154.30004549658582,151.67438709000797,152.36473977937763,56035357
2021-05-20,155.02813237498896,157.52212939018912,152.96852331173145,154.05280460896785,82063814
2021-05-21,154.64977041914793,156.77482514990942,154.62244486267386,155.1801612282694,40381360
2021-05-24,160.78668316295864,161.99057923583015,158.22875559284205,160.62498793851495,69269349
2021-05-25,162.22187892845412,162.71215585813155,162.22040185202857,162.61385318746989,68483449
2021-05-26,165.61202725450022,167.466369477194,162.47295914234905,164.38598559330248,86207727
2021-05-27,164.01027943943828,165.3124737111695,161.77243493227152,164.37747128219615,74581595
2021-05-28,162.11111504660818,163.53671016139756,158.95777705432945,163.4009174820765,65383985
2021-05-31,161.41407742857115,162.88831873111587,158.55586649245683,162.55619404534463,53643347
2021-06-01,162.33009341055958,165.02445762028324,158.83560660276302,160.97515481788622,66814272
2021-06-02,163.2750204429638,164.56898639949705,161.43200943708428,161.7277199550765,96028236
2021-06-03,159.89398738033242,161.38952022835312,159.7039930193953,160.02597899705327,32633823
2021-06-04,158.52334585427369,158.5820379152283,156.04183926645598,157.5228750224609,33225123
2021-06-07,158.1481628509194,159.81784703222203,156.36209893817198,159.66833111218284,87968114
2021-06-08,156.99768229771632,158.52056839847612,155.6255656124623,158.1881778885004,33936452
2021-06-09,159.5381715928421,159.58194736929772,156.22221348547617,159.0391966273811,33054350
2021-06-10,163.16395964994982,164.12988597343957,160.17831827897345,162.67721710496622,75997740
2021-06-11,164.00110275483487,165.19885778006392,160.66683605318642,162.38544393827158,80699491
2021-06-14,160.02426707218416,163.56923444532956,159.0636261424096,161.09683923502172,33882051
2021-06-15,160.357784159652,161.71262579638147,156.42983007738633,159.375170857861,91045285
2021-06-16,158.8810887208908,160.4924767262243,158.35408592704263,158.60320627431304,67163747
2021-06-17,163.3420054438495,163.95529235856318,159.75710556920964,162.25352311279528,98309831
2021-06-18,157.72039774342568,158.5226886319246,155.8233187533635,157.08405515954226,44670111
2021-06-21,155.2119789188412,158.06386763502917,154.00829459686716,155.69598966741884,59094297
2021-06-22,154.99704723627298,159.17726441601957,153.73372450892407,156.07095194451662,71558547
2021-06-23,157.46867659404896,158.868877698387,153.47455201394362,156.2691800672306,97515072
2021-06-24,160.7453846824415,163.3184134779742,159.121449590347,160.7798479762007,60254034
2021-06-25,159.19538696546158,162.86656871584591,157.33479461828685,160.38440837128664,86712119
2021-06-28,163.64750913186265,164.1253582726458,162.7135319318232,163.31954200131395,45471206
2021-06-29,161.88129067950243,162.34975175006315,158.5881650355659,161.2050316357549,50090739
2021-06-30,157.6076450271789,160.18360942553213,156.1596958147849,158.6602886398397,58993500
2021-07-01,155.12409158401152,158.28996858912436,154.65404781835852,155.38393947637172,72929564
2021-07-02,154.7050390499299,157.6895134696183,151.75114025637703,156.16139041948452,94942475
2021-07-05,156.16556696727798,157.8963692433499,154.73050975013143,156.2837223770018,31418858
2021-07-06,156.62654750710288,157.1455633765795,156.24373707804887,156.41439458193574,55536852
2021-07-07,156.23573291220015,160.41806162238262,153.7141926616135,157.7352149317233,99071758
2021-07-08,157.38486958528804,158.10559021692666,154.44581751638637,155.83922043634672,32348027
2021-07-09,157.67231481718576,159.2961697262826,157.2946570239961,157.57065555636964,45365397
2021-07-12,154.99302893283624,157.6269384920371,153.73829080219537,154.27632301422085,44858839
2021-07-13,156.83530845653198,157.91481044968833,153.93313468310484,157.61975317655651,66777345
2021-07-14,158.02488998726812,159.43057356344895,155.87755150498003,157.16058323684308,55466607
2021-07-15,151.8318421183408,153.15801244217866,151.69795789941927,153.00105809905318,60160761
2021-07-16,155.83561930388925,157.4813606786926,152.66593030263977,155.3449369282523,48203799
2021-07-19,158.16238136392886,158.52579461509228,154.48257816628794,156.94426425803346,62064139
2021-07-20,156.0798773337582,158.00511381748993,153.09478902593438,157.27044948911572,64789426
2021-07-21,157.8233746883385,161.62417898764357,157.53615762339274,158.8669399754269,61566941
2021-07-22,159.97160940450152,161.4902397419316,158.6438275792643,158.68397538071764,44135531
2021-07-23,160.860106562239,163.2056043075961,159.31826301079636,162.0587097792405,86050180
2021-07-26,159.50518846771388,161.7033288122635,156.78953072193815,160.80248955355916,95358033
2021-07-27,159.67888324206916,161.9110213546981,159.38578059489473,160.85139584028497,44187933
2021-07-28,158.43409207935267,160.65900418885997,157.53324710708605,159.80130543843916,54550364
2021-07-29,160.70618651829292,161.60338566727296,159.18675837193982,160.23490415700564,98967566
2021-07-30,159.31688666122332,161.3052896314528,158.96574216533153,160.3001043706759,89593882
2021-08-02,160.11702391845634,163.70568937441178,158.4372014846212,160.76276168512064,46440180
2021-08-03,162.13927169909806,164.19098436870073,160.68306034156575,161.93637284587234,41743397
2021-08-04,162.56542035681554,165.78441047123232,162.42450620214242,162.60504001282456,54096418
2021-08-05,164.32317006380592,166.33320218251342,161.39778675500855,164.13116403404464,37853598
2021-08-06,167.07338591545363,169.30328944529523,164.1023054398496,167.1862150207203,58403311
2021-08-09,165.22499981938506,168.58513508505388,162.84227299533075,165.7175941592174,81557737
2021-08-10,166.44532045566035,170.30249661150967,163.31391809810586,167.70238839602774,85655008
2021-08-11,170.93064955014052,171.7370380645513,169.58651593770705,170.09164302687893,76294823
2021-08-12,161.89906853065096,164.42826947207462,160.09303883734472,163.43147157469298,88874662
2021-08-13,164.07115914987415,165.5574752657489,160.1724857910562,162.88728885759778,91217047
2021-08-16,163.476418304938,165.76122916391907,159.34727623241415,162.11082359990525,48517476
2021-08-17,162.7588484306067,165.2669020906737,158.55824615495118,161.5835669842108,53207796
2021-08-18,159.81414694827257,163.37448733066492,157.87223541743765,160.4179211903648,97629436
2021-08-19,160.44950655588045,162.9666279310443,158.4183320548836,160.08249305876473,41006357
2021-08-20,164.88487587842258,166.72647900198012,164.39098750562297,164.58313029360966,37678917
2021-08-23,164.21616161314714,166.66326054878135,162.08302489493093,165.12784831655995,82487117
2021-08-24,170.08746978565895,171.848887779908,167.40276424524185,170.66612377487147,56304995
2021-08-25,167.82482385206254,171.56415281163922,167.67251397044825,168.5599414562498,60681917
2021-08-26,167.75405609439056,168.67922773873653,165.64407071845903,167.2301277934081,98159097
2021-08-27,162.85002941631785,166.0727597468287,159.71274350718355,163.4944842986193,99620323
2021-08-30,165.4739203528785,165.85143644977214,163.79789579770028,164.72275928690604,91298509
2021-08-31,162.42743536992563,166.08883950288413,160.19241720578566,164.0577233297414,45859901
2021-09-01,165.78118952612056,167.34998716464779,164.8225471956882,166.126630695293,35692044
2021-09-02,162.40863823291548,164.97228488182526,161.11900753107867,161.64379753250978,70811329
2021-09-03,161.98903907335813,164.9605331314457,160.74635110266348,162.5818144760352,34920808
2021-09-06,157.78454928780434,160.5929905409438,155.79282090743743,158.2313586988083,54773487
2021-09-07,159.88034323956245,162.0523153508035,157.43634792692703,158.93896065319862,39812150
2021-09-08,156.37512164111405,159.39552567371175,154.1598610540828,155.77963160919754,68309996
2021-09-09,155.55230452533272,157.35750785217107,154.85678076973562,156.10442550806184,87504973
2021-09-10,150.73143841447677,154.10742092791398,149.62934006255895,151.75504129848733,83260355
2021-09-13,149.6958982830025,151.70207198415818,147.9359904316511,148.56631100927206,59669282
2021-09-14,146.91296306474445,150.21985025822835,146.44349631457118,148.28166505059846,30794288
2021-09-15,149.1107265603566,151.0654914863012,146.22196682872078,149.0506413827167,48464720
2021-09-16,150.80635917495837,153.16728607040102,150.06568776222505,152.18434874732964,54478582
2021-09-17,154.40169869396135,156.08703147468805,152.2410896873701,154.1075980223452,97733642
2021-09-20,151.4348697724093,154.03381876720474,150.98194177155574,151.54829734598553,84354698
2021-09-21,148.73684472123497,149.79942360228247,147.08752797550383,148.94785649826622,90263343
2021-09-22,150.9007689460373,152.02277418400516,149.03808759678003,150.46792603405274,45370317
2021-09-23,151.4764783732277,152.02011352723238,149.0683734795275,150.17297033114198,40265180
2021-09-24,150.82614677950366,154.04479466308177,148.00364140022688,152.25889313949594,72308253
2021-09-27,150.9813176228933,152.99989989171152,150.43486250897985,150.62967877469822,34795042
2021-09-28,150.09599082216616,152.5749439335365,148.42923560534467,149.9942615552949,39626256
2021-09-29,151.82138804485447,153.6121109837198,149.19960669449492,151.38274658057418,84511086
2021-09-30,156.19534360725203,157.91181862116204,152.4606698763595,154.82706589724717,83561272
2021-10-01,150.12536717883685,152.9670263467374,148.5233184199015,149.96482969612558,95001999
2021-10-04,149.84164103479432,151.755025503306,149.70411780087053,151.10428934400355,70986104
2021-10-05,153.65755219747496,154.47934859134747,152.88712986773925,153.71793452188098,72315407
2021-10-06,152.64552408012364,154.5455511442326,150.44567476585777,152.1865214471728,42543109
2021-10-07,152.03815646335312,152.14851075376856,148.70345054280114,151.10615655932548,74178411
2021-10-08,151.68877753508622,152.38263652158997,150.69996053438044,151.02917406554965,71460077
2021-10-11,147.44022205249775,151.72560133971984,146.77835451103488,148.75312143533282,62641862
2021-10-12,146.06030063347663,147.81725224277562,144.62325179260594,144.96342814981296,66018170
2021-10-13,149.4565765606683,150.7811524833907,148.14715848316567,149.34283580355304,62113651
2021-10-14,149.14825481213325,151.81815715666318,145.43755484339545,147.95228504912671,70128168
2021-10-15,146.77594175816142,148.68570563097532,146.37299252076053,148.21801145908316,46092273
2021-10-18,151.29614157749907,153.50071853652312,148.63697261186434,151.7699774689463,73463611
2021-10-19,154.12016827626297,158.14446933520057,151.83357373161348,155.46822128328697,68676973
2021-10-20,157.93237053894387,160.5329651915994,155.58912594290769,156.4936438561397,41208777
2021-10-21,154.3575392664811,157.41483050125922,153.09050019416662,153.3259257508774,53717034
2021-10-22,155.950932886318,158.18969502824692,153.0313570268217,154.81023809458966,54524259
2021-10-25,152.12387693341978,152.67977181495056,150.82604719336678,152.60890975718897,98772199
2021-10-26,148.14132178051318,151.5222532959868,146.92261441994305,149.45454772749366,83053366
2021-10-27,148.55363863599672,149.01618358185044,146.13138626240902,148.9806143982271,30357644
2021-10-28,147.7024290530944,150.2706357180698,145.30275512793943,148.819184381419,51387216
2021-10-29,151.93540575259243,155.97311187791917,149.64875623308876,153.4140599259126,54464230
2021-11-01,154.1743249416219,157.80528749747845,152.2131728759222,155.48598492305425,80890117
2021-11-02,159.90786113766683,160.44213808629536,157.97458612913198,158.481841974052,33444553
2021-11-03,159.86908722178592,161.29092168560268,157.4052002903812,160.14300903554957,75692936
2021-11-04,158.67911315606486,160.2086079386956,157.38408327036933,157.79260143579253,60799877
2021-11-05,158.54591252153122,161.70552882411764,157.28390642727211,159.51314055410901,64950326
2021-11-08,162.7902513209501,166.93105795506892,162.7464510633019,164.1848936138841,95078204
2021-11-09,163.8159142291068,165.19977795180637,161.05234170695286,163.36731833236678,59203425
2021-11-10,159.34494898943237,161.4880211907964,158.27389289364743,159.15610534640103,35927495
2021-11-11,156.7727897663371,158.382725471909,155.36858252011965,157.16088858302962,86221866
2021-11-12,161.00859403463863,161.26226976896513,158.27283027825402,159.98105943510748,89795934
2021-11-15,160.14495108301506,161.99341996459498,158.2212072634093,159.6468596214692,38242448
2021-11-16,159.42955764249643,160.4476935992389,157.19313622705505,159.52938186885973,39616647
2021-11-17,159.37935914892222,159.79916668712528,159.07085898137078,159.60330627546782,65873263
2021-11-18,154.08825186376774,156.05473125798892,153.86314858978002,155.61736042461274,99018731
2021-11-19,155.45490218156462,155.49532791669228,153.56718509120807,154.9319583663693,50435288
2021-11-22,154.1716488541778,154.3071166677859,152.038837842307,153.22999922245,63881606
2021-11-23,159.72954450471113,162.84883492540112,157.70125163455376,159.78220805358768,98140403
2021-11-24,158.66139388354503,160.0775876867731,155.5649755164379,157.46682243614782,48903021
2021-11-25,160.9728364040252,163.92855785539632,159.44796839075394,160.49865450170805,80375498
2021-11-26,158.76743324781546,161.03841096149026,158.47394271898298,159.25818707322324,61343658
2021-11-29,157.82037976747554,160.4256541394088,157.23775485932734,158.18447510961698,45703910
2021-11-30,160.76665642442114,162.85296511456704,158.6431946108562,161.45485478781598,97189039
2021-12-01,156.4146860605679,159.76552647997457,153.7818055009065,157.33665424803758,79543293
2021-12-02,157.53135090327203,157.5730468701187,155.3808607083065,156.47551357017394,38278409
2021-12-03,158.95539311598526,161.4726328430307,156.6982100084888,158.30463987864252,85864854
2021-12-06,157.4925787656333,159.48982687516195,154.37925010371737,157.632852450202,35240199
2021-12-07,156.91477348271408,160.56437517495502,154.58329293108605,157.45161069117495,91966943
2021-12-08,160.2936299246684,161.8892465444829,159.08083850713433,161.5044146171646,95165409
2021-12-09,161.7429130653061,163.22031080356945,159.93971757221215,160.85140129277684,52446410
2021-12-10,160.6599274247861,162.64218512006497,158.75277190558967,159.94589400816488,38566455
2021-12-13,161.21718328093266,164.3352617451474,158.54698088424144,162.13991754043448,65782118
2021-12-14,162.364760278665,163.94771917862096,159.5476617558008,161.67657126824025,32742392
2021-12-15,164.62793555104366,166.63706901195337,161.53428925455762,166.02551439116408,50170364
2021-12-16,169.22180441523767,171.68017335682492,165.89334362785098,169.61000614351173,73105313
2021-12-17,170.77101154720313,173.5308456735945,167.94530892708318,169.6642338535152,68502949
2021-12-20,170.11124832427146,170.53343098567225,168.218851797911,169.53876216215244,58349845
2021-12-21,171.5541881984948,174.75025222662723,167.72282452421948,170.23269779393837,94194153
2021-12-22,170.3382599182767,173.51545710200568,167.28477084743028,171.95232898082295,76040995
2021-12-23,171.85054748261803,174.59738479245948,169.21446507932527,172.29543481361785,44721430
2021-12-24,170.62020434507292,173.13848360667134,167.8077284163926,169.86137040467628,88918313
2021-12-27,169.82434811999016,171.9716433968565,167.08605291995949,168.23045350401839,69036636
2021-12-28,167.86087132354285,168.40959881591706,164.04345689119887,167.37984538118306,53852095
2021-12-29,174.68211460571555,177.66894482415944,171.24190106297024,175.18854668109896,94034308
2021-12-30,176.98678699179044,180.63460637917527,173.96064902075767,177.94232056737133,73303459
2021-12-31,175.01541808979115,176.39562994010078,174.6385153756978,174.70095048636136,65559594
2022-01-03,173.3264141893667,175.66797615528904,173.0194166108766,174.3299103150354,37866373
2022-01-04,171.1616899583372,175.86105646596494,168.26315271703535,172.50017048090115,95804705
2022-01-05,172.89124354149106,172.97444075505453,171.55694167858007,171.6949604605529,42620661
2022-01-06,174.29237168784402,175.0626815298423,171.5986604036513,174.21641488268367,34022949
2022-01-07,171.43321145919555,172.8528570173213,170.17607249065296,172.12265471477457,43986177
2022-01-10,170.01372372583617,171.20205960794473,167.4353133397991,170.23573283436264,63392573
2022-01-11,169.66327064611724,172.33391691280332,167.3667948348229,169.4477406728092,39907043
2022-01-12,164.26873891439095,165.79380786135144,163.56699905830516,165.74234859785452,65418735
2022-01-13,165.8759571000864,167.65148551399398,164.46301432565969,165.73357505095478,41867032
2022-01-14,163.0130049142937,164.19007426530376,159.83321515518628,162.83701094546004,83877338
2022-01-17,163.89475919948853,165.29364063861468,160.89991834340427,164.15354138241344,72639512
2022-01-18,164.75898004291744,166.52897495223345,164.46871406095062,164.65379833595514,76971740
2022-01-19,165.6478988925663,169.67894461750146,165.09015815220812,166.97886260497435,56175658
2022-01-20,164.54420879477323,167.28101852387917,162.01367500295507,165.59665634540292,67868913
2022-01-21,167.65965824563406,169.23169366597062,164.07853125960418,166.46957372420889,89783946
2022-01-24,167.60664839512395,169.34567438975455,164.6179051597692,167.5565502407874,55053019
2022-01-25,168.46518341097462,169.3352216683922,166.58779499197914,167.78261902015456,72692367
2022-01-26,160.08190222447539,162.29431326802782,157.19833482974576,161.3056371353403,87778022
2022-01-27,158.81690751309432,160.07714105466513,158.7376117487983,158.85459876848003,46589049
2022-01-28,158.22012223698982,161.10678884763783,156.70701930057598,156.80318883835986,96674964
2022-01-31,158.9557944101211,161.31640947195766,157.11317519505738,158.07435101022085,97736906
2022-02-01,158.9110390361313,160.94652350379377,156.55505353112838,160.1501232257986,58668353
2022-02-02,162.70503474093056,165.59783576556285,161.59062348441515,163.66221429904286,58094352
2022-02-03,163.87137799930926,167.02547467499767,162.0373496727475,162.40845926756336,88701986
2022-02-04,161.54724609293476,164.3271445398607,161.07465160132674,162.63526612092224,90101840
2022-02-07,164.94762298851666,167.36000891228755,161.37784858018236,163.40110127005406,76259496
2022-02-08,164.24952658537762,165.49545347839253,160.6515640521264,163.5801973820481,40896048
2022-02-09,161.8676536288052,163.9002079477863,160.15343386282717,160.92419634577874,98733825
2022-02-10,161.4093236250052,161.44129989351836,157.20364922371792,160.06895625577366,70315997
2022-02-11,160.01535386052876,160.98586663224458,157.19652362481827,159.30664283231187,35292223
2022-02-14,155.86624781907273,158.75564719168347,154.45961177188462,155.5422619628335,75004426
2022-02-15,154.75691876181392,157.4657646799558,153.96086588789163,155.24763533272477,40325730
2022-02-16,155.09018817052987,158.6923389930614,153.30750831593593,156.58823684020632,82110489
2022-02-17,160.30935255774008,160.98441276449753,156.2080864459933,158.81237558471935,46184330
2022-02-18,157.61142134349538,160.52476768165133,154.6987104013023,159.10591410317542,73821360
2022-02-21,157.68021124924687,159.83914170523448,154.34258067700077,156.53284307575592,66800539
2022-02-22,157.52755907756628,159.20196618758652,153.5430519167826,156.20441359474935,61290376
2022-02-23,154.70153464022292,157.68562085837317,153.91092589696441,155.01674768203515,43639543
2022-02-24,156.72018039948304,157.71438174758214,153.38761741383567,155.2158325037651,92456438
2022-02-25,149.87379403324448,153.8507628165148,147.69239393630022,151.09865982759706,56458512
2022-02-28,155.5323559622306,156.05007435951515,152.22619040558314,154.9252266050206,31495454
2022-03-01,157.20866701539455,159.26502786403034,154.9549976133469,156.91311973861085,75208030
2022-03-02,160.19421040735313,161.0068559361147,157.867433232551,160.255283290302,77898068
2022-03-03,159.47019849787455,162.51696339140418,158.81587609799638,159.49228205960748,99560988
2022-03-04,157.96720304184925,160.81256821644752,156.41922587240938,158.7469901987839,80452892
2022-03-07,160.07471276245383,162.15254217484642,158.44205671600105,159.70549151183056,65570629
2022-03-08,160.41061966243163,160.83373279206737,157.12725222308842,160.01031193364426,89975598
2022-03-09,160.27086697001278,163.6627703494738,158.20925294497786,161.2157564112929,94862721
2022-03-10,161.46044080617187,164.3022816308362,160.778322061496,162.28915898820676,78556128
2022-03-11,164.40881676729256,165.4633286744958,162.04280968979927,163.63145184541992,93583601
2022-03-14,160.30025558502675,164.63728623783484,159.81883699762014,161.6406048325693,46019026
2022-03-15,156.72493624294705,157.68366420605233,155.66824687923534,156.73034673104718,37932674
2022-03-16,162.4093638536211,164.3243686497202,159.38158973993666,161.71062374043777,41602960
2022-03-17,161.28562764619156,161.6184373646467,158.5197673960852,160.7674089243554,40469888
2022-03-18,158.97287515678866,161.95129180419684,156.59422216926097,158.03898249828055,71176703
2022-03-21,158.40764014567787,159.19278605557403,154.97877615314476,157.28285306872894,67410952
2022-03-22,156.66030450258182,159.83043171114704,155.2391895140212,157.2075849360642,40822571
2022-03-23,159.50710889555427,159.5120982946438,155.70563909738036,158.17405252934378,50768775
2022-03-24,155.10836273299714,156.4920296530183,154.69594151851288,155.9400023638411,98655452
2022-03-25,156.456341372472,158.43169018946193,152.9688429735758,155.9475250324168,38239988
2022-03-28,156.44291246773136,157.67725701880073,153.8827988753931,157.15951449688396,85289115
2022-03-29,160.33792157985414,162.33652959722957,158.38094082614376,159.9459143955985,40963419
2022-03-30,157.14150557125635,159.0124836922554,155.56427352821692,156.90287573737714,71220457
2022-03-31,154.08835966117192,155.8637510027879,153.45669382578686,153.5238832301132,30048823
2022-04-01,153.81596486147606,155.17789232678516,151.55985766066115,152.87236045310416,56343033
2022-04-04,154.83271310132574,159.02559115079728,152.61907944710416,156.25738552949562,51482645
2022-04-05,154.8074693386562,157.9793144570438,154.6366495921855,156.13944321862476,85886947
2022-04-06,157.65842954234,161.04663701345137,156.05015815383967,158.48177990892938,58117592
2022-04-07,160.35223554673823,161.21949358172287,160.07969299385678,160.40248474298934,78364012
2022-04-08,162.63205737319726,163.02079924851165,159.19848207470403,161.2600960581425,63539559
2022-04-11,160.76307280218876,161.36911049684818,159.25789345024907,161.21385940735436,53946612
2022-04-12,159.5685129597279,162.2583756363999,157.66238796134087,158.17579011619046,97725217
2022-04-13,156.419813975277,156.94054478316116,155.1432549887782,155.4825120772517,41326591
2022-04-14,156.69151566074834,156.90727793616452,154.60160786750373,155.51632919644143,72731702
2022-04-15,150.53324393729028,153.18844767587186,148.67359045969667,150.58774306166248,63326279
2022-04-18,154.69306675624318,157.23437178691134,153.28063533345662,155.32170377178892,63553069
2022-04-19,151.40114170970477,152.1483501151176,151.3477649130539,151.75348204773812,61164415
2022-04-20,155.60997537845438,157.93833151765762,151.93422802417325,154.86683439550416,54697707
2022-04-21,153.57240281004107,153.73449064311117,151.77897969833228,153.21762123079472,78807022
2022-04-22,149.06914578042463,152.8270336943084,147.49694511341073,150.41059491826294,86224797
2022-04-25,150.86560188412463,154.53102641430917,150.86330087005138,151.95091291701036,50526512
2022-04-26,152.1870229829841,154.31447069210006,149.91454283203544,152.68014871939707,98005729
2022-04-27,148.5501839996782,151.2646891360932,147.42539205026242,149.48366297606088,65473975
2022-04-28,151.28410661321192,152.37202403687002,149.48081428526734,150.79790883678302,45564680
2022-04-29,147.84539640968472,151.04810779945367,144.94505948385228,148.6362721337077,74124443
2022-05-02,148.5377107242848,150.99930622842794,145.34057988149385,148.22282529678867,43969397
2022-05-03,148.81836476250518,149.66245336398688,146.3615290724281,147.6044408619431,97034877
2022-05-04,144.18695515338644,145.98340408215697,142.85358297694492,145.4171817597876,59469970
2022-05-05,142.25095643665122,144.66269767163615,140.2523295711125,143.59939263931602,36600723
2022-05-06,142.2905521514779,143.37703854219347,139.08218796347072,141.901793825757,93089789
2022-05-09,141.38524306526213,142.35483660943802,139.39848104664406,140.1635046445747,54571218
2022-05-10,137.26672664197372,137.93636109535575,136.81339579374452,137.22206075059134,85292726
2022-05-11,137.6827421915813,138.56589104889372,135.51526138968015,137.29039609957346,41514575
2022-05-12,135.91332605665627,139.42426837321537,135.54009190376107,136.69703004007135,30436122
2022-05-13,135.65474119372217,136.6532849433811,133.23898766843118,135.763790581713,79400281
2022-05-16,137.221202358334,138.65728978569976,134.1068625687302,136.36856716746217,52193552
2022-05-17,137.75595343049565,139.94569188098708,136.39660784308703,138.31118187962315,54453982
2022-05-18,141.58113670260036,143.0231678958802,140.76508436959776,140.902016483415,97891092
2022-05-19,142.09926605294055,142.42150252796725,139.96965738831202,140.72912653274554,72260716
2022-05-20,144.75787466659725,145.9870900880341,142.83978576574376,144.8353013830446,81898489
2022-05-23,143.17121158494496,147.12048625078523,140.96809004619843,144.32464972704503,95873728
2022-05-24,144.12493064976243,145.55103237971338,143.38315454003668,144.4497208835892,74816591
2022-05-25,145.52284652743782,146.9824254462382,143.18220616875917,146.00991999849458,40594376
2022-05-26,145.38308042216687,147.77319265627727,142.52429878871322,146.81127253641273,41285290
2022-05-27,145.81415399578762,147.590668581722,144.73583126517468,145.02459812270624,36720201
2022-05-30,146.66034022037636,147.30808793653264,144.37906283354027,145.7881255886433,83710073
2022-05-31,147.0440758315523,148.6946652009923,146.6311689222351,146.85914875071282,49864367
2022-06-01,148.63971044499772,149.56821435786802,147.71434412400114,149.2408864778091,84304613
2022-06-02,150.0661485136364,151.90740003147695,146.4576449552123,149.0144684356408,79436072
2022-06-03,145.26208544263184,149.0124407248764,144.2078312267637,146.62749149999496,43220526
2022-06-06,147.31471605000945,150.89499182010215,146.7221731884286,147.9466317712772,45660583
2022-06-07,147.5602148630822,151.33013313713306,146.35149732480116,148.75192821263872,79129760
2022-06-08,151.08648193934886,153.16038726004135,149.54636720717093,150.50616171194793,56169669
2022-06-09,151.98266197511157,154.66023844392777,150.4477562020773,152.59597357743985,89868784
2022-06-10,148.166678475953,149.443680997423,145.6065420001144,149.2914124532683,75096751
2022-06-13,147.87945154198485,150.6575871542657,146.46734123180414,148.41687006828613,45461920
2022-06-14,145.81692940460778,148.3871136909757,143.60898902033117,147.2707028667015,65996190
2022-06-15,149.78237395635662,150.09174110832512,149.10024036425685,149.82673205577794,71177843
2022-06-16,144.72666648976076,146.5093842185915,143.5259352722024,146.11704693877346,49567085
2022-06-17,147.48739163069934,148.70203879932868,146.30355593381856,147.18551011719242,80945115
2022-06-20,146.79226754635854,149.26486509565188,143.50785952534756,146.3525291248236,46533484
2022-06-21,146.1992467316182,146.91836766501206,142.1333883770798,144.7907752188929,82192693
2022-06-22,144.23754763438225,145.5922698666896,142.1188643970296,145.33408786117323,55435576
2022-06-23,147.29279166072266,150.8432871931336,147.07912415557027,148.08646219756247,99299585
2022-06-24,151.5934213227948,152.74283182125905,148.47629233561474,151.4895677710647,58633194
2022-06-27,152.3979164234677,153.93620832673346,149.59567710356725,151.76562390389103,43902621
2022-06-28,156.0122693421496,159.57075351878797,152.98157334346624,156.514589598654,46547795
2022-06-29,156.03252138431955,158.01017726739445,155.30623047000597,156.2203649746707,85441922
2022-06-30,154.98574586921825,157.9599508481188,152.4399952170517,156.4875556486646,87569284
2022-07-01,157.6435619840635,161.04160783036767,155.928243054413,158.0391350092295,52154416
2022-07-04,155.74397608707397,157.57083996748824,153.87504969069317,155.15579112393604,90516713
2022-07-05,155.8468155239771,157.82705325240462,153.8841047884344,155.0965284182228,32932802
2022-07-06,150.90120442733814,154.710521566343,149.84022560488953,152.09174330725457,84391483
2022-07-07,149.23890797115467,150.8639031380384,146.3061341544702,150.13003402686746,33715671
2022-07-08,151.97774946944642,152.43851856666345,150.81938118904833,152.26405307497205,85900234
2022-07-11,153.91479613450167,156.22560612943684,150.0929081683091,152.8669840768825,81827183
2022-07-12,151.56534444001394,154.68295017485053,149.4462381454715,152.4589647492773,89934281
2022-07-13,155.3529012716241,157.47568488730172,152.3487625620049,155.4767475276077,62917218
2022-07-14,154.6655990539829,155.52016383728656,153.30915279787783,154.67422333855254,55823125
2022-07-15,154.0050891895475,154.9523139805236,151.16334222668794,152.56482845524351,79534362
2022-07-18,152.04312759133356,153.3157750134758,149.07813938582865,152.3275279271755,71593106
2022-07-19,151.12751073768936,152.70241008348046,147.82172796427005,149.74314467002839,34397539
2022-07-20,153.77238250982015,154.92278885270892,149.78035576600251,152.46697520782158,88029932
2022-07-21,157.00886205180765,159.5278895066321,156.1466349942065,156.42039770360773,40967524
2022-07-22,157.37830682786824,159.11215315245775,155.77544164198238,157.95390782099352,90826501
2022-07-25,156.28447182403104,158.30817837362625,154.86445410190294,157.74882217244746,59301968
2022-07-26,160.0663837866103,160.590551436844,157.34215336220848,158.58683537634903,96428458
2022-07-27,156.02860330986545,157.6171938989935,154.90173869653785,157.59398993597563,66963171
2022-07-28,152.21416707327964,155.49434092105676,151.47774003651924,153.6851150016014,86142567
2022-07-29,152.85892164474836,155.63599110487954,150.14536815998042,152.5699829527823,60362208
2022-08-01,150.6092870469798,152.209741049594,148.67057517406184,150.5722701441653,40401515
2022-08-02,152.56889644991844,154.3934911564086,150.92564582142924,151.57017861319204,80720151
2022-08-03,150.3117948559865,151.5594728337496,147.97922025728317,148.84575403219492,63278626
2022-08-04,149.3385195936859,150.82057817535767,147.17270860661952,149.63615894896813,44047918
2022-08-05,145.19401106816312,146.85988445232414,143.53445910388248,145.73705619700758,42201078
2022-08-08,146.5398687468957,147.8883204759057,144.7802373106299,146.1724788408963,81404105
2022-08-09,142.63914528041423,144.71603397698814,139.90277700600853,143.6146396683553,79666719
2022-08-10,148.33138088761635,151.1070272930916,145.5902842392043,148.03687093594962,40252790
2022-08-11,150.56682040198916,151.47831428642294,149.56318090743028,150.02887550062832,89319347
2022-08-12,149.54090237159872,152.30263375374466,146.65030550045495,150.60399758497908,68711052
2022-08-15,151.6478246359184,154.70939802544947,149.3513450459387,151.78275078506775,53603174
2022-08-16,151.65655134475924,151.84438290269023,148.4992778170548,151.5093477751067,74488067
2022-08-17,149.59326582433337,151.24143996569745,147.13425851957882,150.27819857879442,96912629
2022-08-18,149.05080847777973,151.09884967194589,147.6589325022451,148.75348351802552,51755461
2022-08-19,147.24013725462777,149.28577543387016,147.20932529168948,148.65000557257798,30664261
2022-08-22,147.0738403047847,149.8722302058653,146.33054822895537,148.42806595761274,69138436
2022-08-23,150.57435835465967,151.50482735074348,147.62186418070212,149.55898885419862,97064058
2022-08-24,154.44927726846484,155.80661360013968,151.89894707948162,153.1724807484058,33311815
2022-08-25,152.84391446129456,153.69151068421752,151.12497763388055,153.27794952732273,97101257
2022-08-26,152.8983494109268,155.02080511358088,148.57809163223075,151.51303895201485,68618279
2022-08-29,147.97634787812146,148.830399010307,145.86971350646908,148.4234606109644,89134641
2022-08-30,151.59985446774024,152.56694784829108,149.12526345059402,150.1560767453945,34913051
2022-08-31,148.8459614077456,149.89272323646267,146.0431530913388,149.31888988686373,44756795
2022-09-01,153.82964617768414,154.58646056028215,150.38867990193881,152.34579952120228,83563059
2022-09-02,152.73883621228728,153.3393599640844,152.73800203793726,152.9063573544619,40728926
2022-09-05,151.4429900516452,153.64806088905655,149.9560668585493,152.22974518213718,95563211
2022-09-06,145.72509377465053,146.79241868048533,143.23505187615203,146.69178731572174,44548574
2022-09-07,149.1160599174153,149.43207022684422,147.13502607721395,148.82642566894495,42986332
2022-09-08,148.2771397609013,148.39869743050912,147.50013936934178,147.90946774220785,71454388
2022-09-09,150.46752570783286,152.54540106638436,147.24870256256793,150.1606282367519,40034141
2022-09-12,152.1351049317566,152.4982305386585,149.6216249640767,151.3365465600019,78605416
2022-09-13,149.44890855988191,151.74204466843113,147.62172024138178,149.76815798108564,48922991
2022-09-14,148.63049961466672,150.14746539613424,148.40450834376063,149.754856630816,76758431
2022-09-15,147.20973084733882,150.5638065596431,144.99026997018296,147.97548189691193,95888650
2022-09-16,147.54116857897168,148.41246253517707,146.90817275799117,147.00703020157232,49697743
2022-09-19,148.04430078390322,149.10589991424462,146.83410634746926,147.6649733783852,84335110
2022-09-20,148.93246847112087,151.51489377232983,146.33813155138864,150.1323708975489,73997768
2022-09-21,149.56026316352285,151.16515198957848,148.14889150682131,149.30549252609708,50915499
2022-09-22,149.9043401497354,152.71749800138744,148.05566728847683,150.53350922655375,37966947
2022-09-23,152.20501595009958,154.6928159999455,150.05156297305135,151.02814690075795,85102226
2022-09-26,152.44335805268602,155.81339827716516,150.2566506868906,153.432996288548,54063607
2022-09-27,151.5805013771254,154.52002437078377,149.29847115220417,153.06492711228742,63488754
2022-09-28,153.10208201870742,154.3640554187568,150.89687989630858,153.2723768123747,51421276
2022-09-29,155.49422521038002,157.86028119863488,154.92119218454087,156.76457486618546,34470755
2022-09-30,154.72228767937054,156.68410336151663,153.91339405399933,155.97660345899055,63184316
2022-10-03,154.41409829043602,158.01122670366857,153.97557948136142,155.65847842422397,94767694
2022-10-04,156.71923378757987,157.38863182469123,154.0267144841671,156.11845563545776,61309453
2022-10-05,158.37170425746493,161.3863320465928,154.61532311548712,157.36763973188715,69813703
2022-10-06,155.97791745122453,156.2188909582135,154.81332014789947,155.65371033605462,78188125
2022-10-07,157.2662528607647,158.04978885012628,154.98627439849446,157.5303919973603,50201824
2022-10-10,154.67501947942455,156.616702563165,153.95153805050052,155.2697908385064,48098409
2022-10-11,154.56441209503666,156.66475606251703,153.31492896942407,153.52440169029066,71699601
2022-10-12,152.98072965418726,155.27898760690135,150.51697557932184,153.00293388427107,63048021
2022-10-13,151.43058170014334,153.691715554705,148.89530484051687,151.29239035546854,51089765
2022-10-14,152.55146455693014,154.62804037558269,149.52297404255336,151.84204018642748,87523273
2022-10-17,153.74039992083485,154.42390148181858,151.9592483639144,152.24743869475304,78158951
2022-10-18,148.22987309979789,150.33904138118316,145.93689316028465,148.60174192300158,80856095
2022-10-19,146.59691315181834,149.02856025756824,144.21148693647876,147.05472747835066,74589669
2022-10-20,152.6412028447595,153.39870359792238,151.74842007024893,152.66375783667044,74781788
2022-10-21,150.14468903148017,152.0984020917967,149.06383641756224,151.0699935641367,80989174
2022-10-24,152.7706583876596,152.83703190996204,151.4495521397861,152.42785775162238,35994798
2022-10-25,155.43680687028555,156.0831425949013,155.37507787286557,155.39570420314953,63010866
2022-10-26,155.05058378573847,155.46078211166272,152.85288592846325,154.15521414661976,89114369
2022-10-27,152.75386210707225,156.66747359552122,150.80094772037214,153.89010074985998,40163991
2022-10-28,149.85221786207512,152.78876641445387,148.58603267310792,150.83412852165523,42721424
2022-10-31,150.1839240051493,154.1935645891172,149.25437225172547,151.19761863595113,87164418
2022-11-01,147.7946256525494,151.361446517176,145.05867646930093,149.13980189952198,74082711
2022-11-02,149.97833320629005,152.88403761226255,147.66548917279925,149.9097755481475,62681409
2022-11-03,148.0810112229654,148.82568541424007,145.07499148705716,147.97960541301322,51823262
2022-11-04,149.4220925882263,150.96071945732604,146.6003908045566,149.87226789077422,64867133
2022-11-07,151.3991443417343,152.14614343414559,147.19346060407,149.92136577640963,55756621
2022-11-08,151.1259063842227,152.14354417392386,150.2669854239616,151.90652363313117,98561989
2022-11-09,152.87056663308283,155.25325142250463,150.56181874555764,153.45166426354336,67551746
2022-11-10,157.02115562331957,157.88716459573706,154.94584600053895,157.83360757900013,80646243
2022-11-11,158.55340144632981,161.59357043402116,156.05184466149854,158.18377535292007,35913936
2022-11-14,159.52377954323848,161.0159674947069,158.10885029492243,160.77573001290045,80859220
2022-11-15,160.02886218940478,163.63923186630862,159.13318272194897,161.41352196366185,45598237
2022-11-16,163.7613319912905,165.2009648687983,160.6858019390102,164.9800002023638,66433865
2022-11-17,163.1795187336541,166.43907595443164,161.0470051343763,162.3780255103915,35595958
2022-11-18,161.8882474317873,163.96325830177855,160.4790725076037,161.94504900267955,41139237
2022-11-21,163.26353017747292,166.44370085504852,160.2044111731733,161.94184925547108,98430143
2022-11-22,161.86054677919455,163.92689003953205,160.74441595357362,161.1184061721941,43203221
2022-11-23,161.12538003307,164.44501296241978,160.13352458707612,162.4823640000732,88732715
2022-11-24,165.1185552338462,167.258744861013,163.58935867424466,166.34908743703642,98798578
2022-11-25,167.95992654230525,168.93627156270003,165.53319796776455,168.2242859811273,97448221
2022-11-28,170.7328576324432,171.76773217172058,167.74947622516012,171.2185960137875,78141074
2022-11-29,175.60413510917093,176.09387238674142,173.64843154880757,174.4397608575213,84448420
2022-11-30,171.02309093757995,173.77101349015365,169.00849140040603,170.26988048586523,63083326
2022-12-01,169.1774404129326,173.23608857944055,169.15345290011396,170.70462675781337,61649427
2022-12-02,168.85327522595338,171.61133501160103,165.69767102461586,167.7447577508739,51284564
2022-12-05,172.68278710690802,174.44945931626194,168.06719343709378,171.24020340900358,37124332
2022-12-06,172.889400347159,175.71265079684594,170.84953698426074,173.51623527576834,51652956
2022-12-07,175.74987233615172,177.22098539150707,171.61830184530916,174.74223188192065,79012049
2022-12-08,169.76848030344354,173.63279683696928,168.8423330797819,170.92639020965333,83218644
2022-12-09,169.3681609831501,171.53998052368658,166.58522920763366,170.53076238710025,43041366
2022-12-12,170.88773184523112,175.29245173899284,168.095354671259,172.05896487021298,73614478
2022-12-13,166.21676324892252,169.24905577147595,164.90942622183178,167.75103645587856,73312510
2022-12-14,164.5525899993614,167.1231931252283,163.2044625060997,165.7740919029457,49785882
2022-12-15,166.05313232874826,166.97425062553495,163.393771910039,164.69362494941512,58237448
2022-12-16,169.22794529200945,173.8563925010532,166.99340463699897,170.90171958392582,59306668
2022-12-19,172.10515791373783,175.48468194449308,169.98695223347784,170.78182630791227,66733557
2022-12-20,173.30953144649277,174.90218617976967,172.22810917714787,173.0518122595745,83469267
2022-12-21,171.71054627109436,173.10705475687067,169.70617263915932,171.99738701272835,76741556
2022-12-22,172.88745279818983,173.0365337528445,171.4154672505417,172.5217465289043,48177391
2022-12-23,173.22358815533207,174.0225367497605,171.52402947006513,173.05446710876814,60064179
2022-12-26,174.38788135345496,175.21506490579435,172.4733130507522,172.83728038395955,80524268
2022-12-27,173.61987957333574,176.0355437270611,169.43817980828572,172.69080466672543,53092053
2022-12-28,174.9199251147049,179.41823948326726,174.4919838256948,176.18943396486554,37395432
2022-12-29,172.837866605846,174.0991738163977,169.42937673966983,171.7654860931494,83608826
2022-12-30,169.83602041130095,173.20318192823814,167.52281104754834,171.0832699220585,51104199
2023-01-02,167.99408986413826,169.42672133769807,165.75035567741514,168.53154238613573,97979094
2023-01-03,167.05246462339065,167.74842868325513,166.70273466457058,167.43980980317858,42237262
2023-01-04,164.39191832387073,165.55697095366503,161.9763134720356,163.56053365973136,71969921
2023-01-05,159.79649203047714,164.43327130937308,159.04723948949206,161.376278893998,88399827
2023-01-06,158.45793075726502,160.30516872403308,157.48816863155213,158.1590750844515,60987057
2023-01-09,154.3314796381604,155.69328129660585,153.0051021321963,155.68748601893154,47530074
2023-01-10,156.54447047502833,159.42830737267496,154.53091686829535,157.46350755116333,33157989
2023-01-11,156.67741058015773,157.21023344777018,154.07813185849298,155.69907817794757,44669974
2023-01-12,156.3263799231644,157.04640648743845,154.35952422995015,156.2153186604612,77288256
2023-01-13,153.69250888885816,155.5905053535769,152.17765048904826,154.75994689872718,57399784
2023-01-16,150.69499456663965,153.4086543038567,149.10094223273416,151.01753068927192,40679591
2023-01-17,150.97749994280818,152.40275959881157,150.28259604065718,151.29251410549134,47877585
2023-01-18,152.36794291282348,155.1444007256213,150.72001961401483,153.50750349723867,81146299
2023-01-19,154.82900019973056,157.80559617408446,152.4008899358543,155.13370702451897,47213504
2023-01-20,151.94516402941866,154.28065591733818,149.1215197260629,152.1522231603572,87246338
2023-01-23,152.49560617031736,152.65593998812568,150.335799076531,151.29802621663984,81144436
2023-01-24,152.5615457744904,155.5747292905135,151.28718485117219,153.56557564825727,55747635
2023-01-25,151.88268292759406,152.89676626863337,147.79437684763545,150.64245759441246,98079737
2023-01-26,149.24227503319239,151.68155236022235,148.15536086451556,149.81999402968265,86552612
2023-01-27,146.41563562854157,148.1213065399194,144.39110463691605,147.67042653297935,64916662
2023-01-30,149.66576117268997,150.36218008538114,146.90187709106792,148.81991313512628,82236348
2023-01-31,150.92962522159323,153.658612097766,148.06880078527678,151.2280517874882,59147196
2023-02-01,151.41003195078972,154.0224711745622,150.12739037930194,151.72035461905875,60985342
2023-02-02,151.04302440628427,155.33285466314823,148.16905709158098,152.42882655352003,63399402
2023-02-03,149.9029023044288,153.25161061570245,148.0118051514097,150.71927686764826,69773958
2023-02-06,150.09761964038162,150.92962433506239,147.89332959374744,150.16582138503057,93506982
2023-02-07,150.91215021396243,153.71583263124398,148.5212777262114,150.38913006673283,50261209
2023-02-08,150.42879446905388,150.47940975378,148.86392992367365,150.46470704876356,34527680
2023-02-09,147.0419387974129,149.45533191543538,146.9014402293952,148.1191158947724,74889719
2023-02-10,143.4804809661992,145.89346028738484,141.10743681604828,143.14617894255784,92751119
2023-02-13,141.8315753446461,143.2118657074084,139.9712830743217,141.58859087569462,95939643
2023-02-14,141.55718560531864,144.30322300156965,140.71693771424614,142.47974460111993,73956302
2023-02-15,142.7336959048184,143.55477159652563,139.49970291514188,141.76117271898283,80881106
2023-02-16,141.29519824542555,142.67302193913505,139.11341686040822,142.41531599675628,37744147
2023-02-17,141.89176586958865,144.28735766603512,140.339031108928,141.6222014796233,30208573
2023-02-20,141.13717451219085,143.2151287466483,140.56601671672092,141.29383042063603,41630602
2023-02-21,142.56244440306094,143.66227670657992,140.17249800696467,142.43663930254,94994823
2023-02-22,141.6950716667928,144.32810321185968,138.88386352439545,142.04174752899868,77092459
2023-02-23,144.70961502364355,145.46051517679632,142.95715197580049,143.43359717650614,70448130
2023-02-24,146.4582714930092,148.37900644876925,144.53863936630353,147.17621889207257,60382245
2023-02-27,144.01740114376352,145.05976724308476,142.708616699172,143.19479111461533,97345612
2023-02-28,144.44611169008962,146.86069488740603,142.22515977055573,145.12979304407787,56691536
2023-03-01,145.056978712599,147.65667446015198,141.86049231185564,144.31303290256741,47276771
2023-03-02,147.99662974975584,150.61385328386922,147.48145717210173,147.6044219441203,76161101
2023-03-03,148.66001460424386,149.72600378338876,145.99425423893783,149.3040906412059,68906556
2023-03-06,154.28209434090894,156.79553187988887,151.5673906070159,153.16759881727566,87252721
2023-03-07,154.75823828130052,156.30143733615432,153.88702584832714,155.678714754023,92102569
2023-03-08,158.58419028968882,161.05335020424698,157.3635221045173,158.8319788128009,84254033
2023-03-09,161.91855258059562,162.84422112069797,159.8630430652515,162.80050813220103,45167547
2023-03-10,163.64289702763287,164.20654340358604,161.38355202681572,162.39170532593383,89689422
2023-03-13,160.23928196189442,160.33313202507742,157.5909119246229,158.71752616621333,95102684
2023-03-14,154.0895810703385,156.3736506191111,152.1357342240727,155.3896850603538,46157289
2023-03-15,153.73708840786117,155.81275650764664,151.88819298865863,154.8434028285275,53810536
2023-03-16,154.89128524150604,157.9132644650259,152.43218018010498,155.23654022231446,32600553
2023-03-17,154.82287532935229,157.5927686840516,153.30699664808745,154.53037439482992,45780856
2023-03-20,153.6870062843866,156.49711802538675,151.1679110935569,153.87181620039408,64893882
2023-03-21,151.17563567597836,151.8442329328187,150.6881947610279,151.7674546334266,50359663
2023-03-22,150.99978380550888,154.38343093122901,149.5604671946269,152.11719328797528,71526683
2023-03-23,149.54447444842,151.4339786107225,149.2294107241849,150.28535576664757,86078575
2023-03-24,148.17412722439133,149.3853387716208,147.3516706986787,148.55518120759317,77994932
2023-03-27,148.0975991742825,148.1252696578181,146.33392783180332,146.99633080341397,47730729
2023-03-28,147.48004729001647,149.01437357691898,144.27533160369165,146.99896452864223,33286323
2023-03-29,147.1363517625561,147.31364823332208,145.019788515008,145.7250580621105,76829997
2023-03-30,144.56588601677942,145.7737553524167,144.26877183534202,144.4794097847317,56546097
2023-03-31,145.19343451588688,147.4745962198607,143.082384077617,146.3779440230531,91121695
2023-04-03,147.33562633166585,149.2998429585812,144.72931823948727,145.935050110263,38094097
2023-04-04,149.47768707094036,151.85167810791674,149.02664344056527,149.43274123903265,39233440
2023-04-05,154.4527653001603,154.63941515299544,151.06068518275615,153.6642779609341,40578958
2023-04-06,156.14920621687568,157.15401127121046,153.06887220725073,155.07978671725823,64829311
2023-04-07,150.30924328481734,152.1480030544794,148.5898093103813,151.0709937521157,78006546
2023-04-10,150.18018492828193,150.48877816979862,146.6520703903638,149.32599249430774,38489861
2023-04-11,145.87050383378573,150.01361859456708,144.29109250035782,147.28833618562828,91121541
2023-04-12,146.39964102913243,147.53196530794398,145.57785098173423,146.49062590394377,86084464
2023-04-13,149.7528436435897,150.13189730689353,146.6556320202969,148.5194976518029,96646857
2023-04-14,147.95665904204722,149.8036117130073,146.56206450558503,148.5111633601278,34386011
2023-04-17,149.26097522232698,152.3195320289,148.62957554150293,150.3216392321586,31586101
2023-04-18,152.41269462813997,152.7286496868533,149.51126558493203,151.1407210840926,86304550
2023-04-19,154.2441837323467,156.42121532571642,152.0553159190098,153.19296330821146,75968238
2023-04-20,148.1543148946118,152.0739846377973,145.82745331185387,149.42732685338908,68562119
2023-04-21,145.6447832174813,147.9499644592621,144.69729506852318,146.802533450706,41479972
2023-04-24,148.21578186066935,151.76583685620494,146.44535354508008,149.18625159783278,82986150
2023-04-25,151.73718800342814,152.9619974412936,149.2631939777954,150.43263124561193,47118270
2023-04-26,147.40082140608132,150.62168565468644,146.4829181597233,148.77674724143736,67421561
2023-04-27,156.4468133761367,157.27854938458373,153.9648042349171,155.203471183124,68435884
2023-04-28,158.6612454093155,159.27277124470842,157.0385948915935,157.1460282231128,66550889
2023-05-01,158.2942835513327,158.5359987866477,155.19882064840797,157.42832339097,72746281
2023-05-02,153.91224544823982,154.76335736044484,151.4910198798838,154.08049011610802,81274047
2023-05-03,152.71647982926163,155.47058840860103,152.64813008586097,154.25788820250952,34224130
2023-05-04,155.69819417915696,156.45347743272794,153.9080547832785,156.30534482287712,87966421
2023-05-05,158.16278897144718,160.54418756160217,157.39196364794432,157.68193128086267,94480854
2023-05-08,156.62928185431073,160.81301146592554,154.04638174452003,157.91755901238065,91478004
2023-05-09,162.20449659194068,165.44498594906358,159.04120395422956,161.84292197664197,51983119
2023-05-10,165.1301630269612,167.07597588687202,163.5849825882498,165.42604314886412,39283298
2023-05-11,166.52231093355422,169.0641556063245,162.87398187296174,166.05574134095934,75817334
2023-05-12,162.93805036519274,165.81682232100252,161.54413407894802,164.17196971811956,40685679
2023-05-15,164.98504749635111,167.03314714992283,162.48395666110554,164.81431297802976,95506785
2023-05-16,164.71310109308848,167.44275646891793,163.03049284532142,164.1027173600345,59385947
2023-05-17,165.34612093139717,166.05000144905102,162.59361492433487,165.64753409042916,48506435
2023-05-18,162.06464117343424,163.47068042731837,158.97210767867878,161.01884627873804,43399467
2023-05-19,164.6947681733537,165.65377915389783,162.35022475890992,163.3549027934655,64758756
2023-05-22,162.65902323314947,165.00010890835455,160.65184208848385,161.44801612341536,78346071
2023-05-23,160.87969235362308,162.03691580323724,158.5852988016469,159.56108883125057,35583465
2023-05-24,161.81436433651822,162.3669156490512,158.69267283701296,160.8404217184434,77087424
2023-05-25,164.14202225853816,164.5994912271368,160.2574492228386,162.55693605066736,40443374
2023-05-26,159.94068714389417,162.36893594776063,155.80996458122385,158.72523204070367,46573564
2023-05-29,153.07127808447484,155.5014067418737,152.42083034904005,154.23571276640664,86660563
2023-05-30,153.7605718947994,154.84144722098782,150.8007700008107,154.52627462228875,57677906
2023-05-31,148.71821125053526,150.71155414197062,148.08027133909385,149.62126869507355,55449478
2023-06-01,146.49216942150613,148.10403550128575,144.98803364442193,146.9814178090742,58430989
2023-06-02,150.17742049780946,151.00984104939025,149.69017584337618,150.2656437515994,74419656
2023-06-05,151.95578925472657,154.8190037632742,149.3949380698263,152.40870500213035,76082220
2023-06-06,154.744509965983,157.8283202736483,152.63845018305173,153.6989011590844,30906776
2023-06-07,151.1580664217351,152.78094239792657,148.601642703369,152.44951619454923,92719171
2023-06-08,150.33428803593097,152.34324415583328,150.02757861411706,151.1557371447831,75369659
2023-06-09,151.70526895904084,153.5554488871778,149.0039807256272,150.34426168256604,99791861
2023-06-12,151.1873877271031,153.66253004090544,151.1281101903927,151.22488777866985,39193691
2023-06-13,146.9541920183378,149.17897545464493,144.72255926631829,148.38002773619607,84724437
2023-06-14,151.88569301676858,152.22005554768043,149.9786543319887,151.80343966838294,77297136
2023-06-15,151.5161659549634,152.05612864350525,149.20732000024216,151.73968867883468,99910479
2023-06-16,155.2505213002996,157.93725204590834,155.00845799918008,156.05152108822327,95215874
2023-06-19,157.50777878521902,159.0182015244277,154.62051620088502,156.04298849210812,68582718
2023-06-20,156.09168873899796,157.65180828433463,153.43090381392494,156.3369152905356,95820732
2023-06-21,154.31461483879121,156.46793070248165,152.73329004771526,155.08327233596486,72204429
2023-06-22,154.02241615976104,158.2945423278576,153.33011631607897,155.3911053425029,71143435
2023-06-23,156.43797029742896,157.52185531102103,153.29125981566756,156.22373011783023,35141254
2023-06-26,154.58714004102492,158.25871935104803,151.81270245110326,156.08766767312434,90262889
2023-06-27,156.5511484895643,160.66889489994966,154.53470215877002,157.88945515032293,45382090
2023-06-28,160.52725708710193,162.31194796786144,158.40258679672343,160.26807294444126,52952461
2023-06-29,160.42529481883557,162.44585057839538,156.52442575850534,159.56300220878327,32523704
2023-06-30,157.99686574474788,158.37895901317165,157.40331248954143,158.1397837475227,42809947
2023-07-03,160.26032285675424,162.04569539344638,158.57293924662451,159.93945635064742,43949648
2023-07-04,158.87219650719373,162.81184384122082,157.4005538876569,159.76342142325504,87617220
2023-07-05,160.50817391157685,161.37353138554897,158.4554677195706,159.06214924941847,34025781
2023-07-06,160.80938400732558,164.04231241832187,160.76880012497963,162.05094556491903,37310162
2023-07-07,164.57266136380636,166.45687850937637,164.01166549969017,164.92782415248246,80223558
2023-07-10,166.418819576125,166.85679037599857,164.20199867978005,165.6196669234752,46494678
2023-07-11,171.1950301945316,171.9231622716135,170.19292682322222,171.34297917025145,40476598
2023-07-12,169.77357495881128,173.8510351869826,167.6252649668915,171.3186081605502,89155008
2023-07-13,167.2340470940051,170.96971681391838,164.04821300757231,167.7052948284095,30903895
2023-07-14,169.94908001756048,172.52327845011536,168.85578249663217,171.23187584920743,72888408
2023-07-17,171.73391126049566,173.01671143465444,170.86526016907484,171.6818671355224,47722069
2023-07-18,173.19965598937907,176.19450261897896,171.58611271863634,172.557914693028,71703954
2023-07-19,175.47906803424667,178.0351738766931,175.14149355064302,176.2737472233864,63321599
2023-07-20,175.06476656915632,176.15737813001107,171.93234664961847,174.80851856876802,67753765
2023-07-21,178.74224162179806,180.7577090133967,175.32641528815654,177.85385941838368,33740095
2023-07-24,174.90210155767977,178.44335896326385,174.25394686609877,175.3805315370486,68724522
2023-07-25,176.1116752147782,176.86523900990485,174.70210204997932,176.3661475992447,32190941
2023-07-26,173.65274754487515,177.94004942644014,170.21286638606483,174.4635062036677,87828584
2023-07-27,176.72791589751878,177.58560238539138,176.19042476620706,177.53164499755346,39095749
2023-07-28,176.01387240006676,178.20526169598725,175.89887389305252,176.49548949327777,72780691
2023-07-31,179.25613560590915,181.90940184832104,178.27419921738226,178.44338324466113,30155877
2023-08-01,181.76004138026016,183.36746843062372,179.80150849658764,181.82772157904998,93018036
2023-08-02,179.06614714008023,181.73462482667543,177.80656968523618,180.33910407995137,36166488
2023-08-03,181.3824810084983,183.8252674954183,177.33888325650173,180.54733950338743,75089812
2023-08-04,180.61557923799273,182.83440028969875,177.15851429580619,180.85847982927385,95044782
2023-08-07,182.5056097728758,185.64043026897124,180.69648910750573,181.450002379972,58126547
2023-08-08,180.5972591144228,184.57337892634533,179.95833972429955,181.46736274543076,75446157
2023-08-09,178.8000851547539,181.81620717513997,176.65239958517964,179.98453697515123,46338066
2023-08-10,179.2339348344237,182.48333897363716,177.4808356788092,179.4218788443147,75964522
2023-08-11,174.33740283009274,176.40458746053758,171.36419305789204,174.7885546299831,79231965
2023-08-14,170.06905208195303,171.48475299513336,168.59631002310405,168.86306471492554,59083973
2023-08-15,163.43823947877118,165.85356820437485,161.1437478943146,164.24115602133577,47787418
2023-08-16,166.72685170986702,169.55645150411056,162.77645362784213,165.10321513875604,85798571
2023-08-17,164.07692335092932,167.00756817801678,162.90757516612524,163.49420421452916,32078372
2023-08-18,162.16742220695934,162.4248959865493,158.35664027041057,161.4578135283266,72897126
2023-08-21,161.3324377649292,163.67321235481526,160.0097510646373,162.65070515671843,83709248
2023-08-22,163.6520814597455,164.36572655076878,162.00285349914827,163.9972537862155,96310516
2023-08-23,163.44232611676037,165.57731769749074,161.08988333727837,162.3706671611203,56588441
2023-08-24,159.99159539475076,162.10333816224676,158.01942857107508,159.40336492098604,95413227
2023-08-25,162.36988590205902,164.59847247334457,160.5464898704483,161.0652783207949,30704652
2023-08-28,159.7653116460562,160.9239716107665,156.8870437257492,159.3515000492254,75006934
2023-08-29,158.33350688433708,158.76408942060112,156.59941901890588,157.59602110538685,64380567
2023-08-30,159.61339699423183,162.0576739187726,156.0684449924728,158.4691794158461,65632354
2023-08-31,160.89265430735438,162.0745906887314,160.03613227511525,162.02362106779927,67292364
2023-09-01,164.83419485601888,167.97299502505265,161.80971461064442,164.49898839150035,53424868
2023-09-04,166.6150428528577,167.41111287832052,165.3662160759444,166.6677787322969,94816872
2023-09-05,162.58470395127063,165.1258057121032,160.91261566131897,164.16340272369553,88320063
2023-09-06,168.7065158176917,169.0313034354282,167.2206107826084,168.37003582767974,85689955
2023-09-07,171.46526546821437,173.61640279312707,167.2932428376251,170.26592990475658,58911520
2023-09-08,169.88149513093663,170.99806322001712,167.51082750780893,169.3333751036529,33508138
2023-09-11,169.1942339071952,171.8705748861729,167.85846686320346,168.51304956069913,32520989
2023-09-12,168.1515100009952,170.35780899881678,167.64077567646112,169.65822801119205,91492567
2023-09-13,168.39455295171936,172.19595004831433,166.4984974929466,169.8578216440802,90249561
2023-09-14,164.26016538060338,165.5208576624988,161.36227078365226,162.73258003611627,54885236
2023-09-15,162.40140480948313,162.6796662518997,158.86596706414943,161.45327936931042,89682736
2023-09-18,161.45791547685118,162.25759969868926,158.75138884723071,161.1706531921319,69430479
2023-09-19,161.38059698698626,161.51174521002642,157.48791394150825,159.90527798817297,76275024
2023-09-20,161.92755530463833,164.97482224623846,158.65422201206053,160.52887764250468,40255695
2023-09-21,166.40154791762393,168.63349378310852,164.4005660270345,165.0122603535448,71331207
2023-09-22,165.67182221611637,166.6343221259628,162.6757219618324,165.8271771359817,55034427
2023-09-25,169.97990920734682,170.4710580350698,168.43673299590688,169.20065696846123,90438769
2023-09-26,170.76279246235075,173.71469555567327,168.99764239716194,171.24854748662568,53541022
2023-09-27,169.10791857732792,169.54783125274997,168.80649916924668,169.25091344647763,57541865
2023-09-28,165.16685141546495,165.5632770323625,164.0734063213579,165.17178968120007,89495047
2023-09-29,165.5649552328964,167.10097448980338,163.61777283822948,165.21543045488397,59688847
2023-10-02,166.50013628713486,168.23393012381885,165.43070021194984,166.0283016021677,42163189
2023-10-03,163.7685288102434,166.68570249952697,162.05996015800565,164.93046300237225,57126915
2023-10-04,164.22072233971267,164.79656246840958,162.73256133909643,163.20056637992369,97686888
2023-10-05,163.42071766290422,164.70043736065065,160.79790089185798,162.01091393441357,47541999
2023-10-06,164.71611026782008,167.8368352638707,163.23674596762052,163.65989929725671,54372200
2023-10-09,163.97735945438367,166.5949061911531,160.844775524119,162.43182638987344,68762351
2023-10-10,160.59154446356933,162.4602329163726,158.91157533863043,160.88641009233226,89944126
2023-10-11,161.96397541907706,163.82552601881576,159.52710277974697,161.6256431003844,92475826
2023-10-12,164.41926918088947,166.30053008812973,161.7554542178635,163.46126035633498,35156996
2023-10-13,162.68639303637562,165.0056538136005,160.06875293745523,163.364120038153,42534090
2023-10-16,167.62992214134812,171.14807180496535,165.70872552606167,168.16826413834826,71617270
2023-10-17,170.62244944536886,172.49259295516256,168.38405599482573,169.71413334846724,82297727
2023-10-18,174.25788803267804,177.15402075282492,171.49967524807303,173.67982758134312,67965251
2023-10-19,174.29368509058207,177.93127349694637,174.0544127560965,175.83327496337154,43439818
2023-10-20,177.23214329911485,181.02662532294713,177.08544593147144,177.78269474763894,87339989
2023-10-23,173.87689224961554,174.97582735562602,172.4751969485198,173.57287831201742,55581755
2023-10-24,172.9361242246401,174.41325458003345,172.09285848275545,173.2299316450024,76702467
2023-10-25,170.2541213674011,172.19255063522203,167.87849006449628,171.5407201849044,82344434
2023-10-26,167.93106094915913,170.54195146119446,167.4196818459114,167.45739017056917,74577849
2023-10-27,170.88582637495435,175.07426851972235,167.81749632233132,171.6735612360943,86085727
2023-10-30,175.14582790066325,175.9232624951938,172.61413954134127,173.592600490613,92807468
2023-10-31,172.40547548358924,174.79800770044037,169.1771001190778,172.9580567953117,94166273
2023-11-01,174.20821813573025,176.30729663681316,172.32464267516116,174.01893836316884,65749229
2023-11-02,173.54251071660394,176.52286067088346,171.2307848027192,172.88063586915968,74242874
2023-11-03,173.06153014439624,174.73804375004985,168.85376131779816,172.20376847420133,60551281
2023-11-06,171.0321482270662,175.04406678951952,170.0792085036437,172.33056105583915,36788858
2023-11-07,175.20949732725572,176.94944657311393,174.68264219852458,175.953311790418,53840301
2023-11-08,175.20525755928847,177.88151138766662,171.74739006984933,174.34747906743408,41042828
2023-11-09,176.94917137865795,178.3225338241166,172.66752309839532,176.026629993897,68561075
2023-11-10,181.44763107308813,183.42880240566504,180.7462119858831,182.00169281926966,56333440
2023-11-13,183.51075241223523,186.10621606061076,181.88971549144014,183.30153043537504,77076245
2023-11-14,182.08647284992537,182.27957235110213,179.50542483723788,181.2484679173383,79657615
2023-11-15,180.79588344671552,184.5045188396154,177.7046095623409,180.94853106052554,32477557
2023-11-16,179.4495553766141,181.35642370382132,178.58962968150345,179.81996350856312,59904191
2023-11-17,186.31403522962313,189.86863369949245,182.09552701086017,184.59752593108806,65012170
2023-11-20,181.05671540090694,185.09981744659888,177.88777999418605,181.51966696781224,76896394
2023-11-21,179.73223750354984,182.5960089033538,177.50771857332705,181.2393395818463,36861035
2023-11-22,178.53826433687172,179.60999825560097,176.72658891277243,179.4158070141798,60036448
2023-11-23,177.34143166724607,177.570113360994,174.00133466137575,175.92415858288788,36323267
2023-11-24,172.91986604108072,175.00667501947825,169.3571828653594,171.64438606158808,82676154
2023-11-27,168.1152869811337,170.98675424407804,165.66866024549049,168.36089475711773,86104331
2023-11-28,176.50139074682434,179.56726150314665,172.80009321838205,175.29286417245768,91624579
2023-11-29,171.893111949088,176.43580353756172,170.8260144204666,173.2245936309744,69662256
2023-11-30,170.31728928049188,173.4559940476287,168.37895566831543,168.9040868282392,65226993
2023-12-01,172.9219390815022,174.55781629832433,168.89114364356152,171.54724013865683,90976550
2023-12-04,172.04712502288186,175.01339164312265,170.15395813798807,170.47415638414245,94089173
2023-12-05,174.01171027316735,177.62577317247982,170.9687301035882,174.52700550685307,45813979
2023-12-06,176.84726769797876,178.80296661809558,174.973289355002,177.9691068596864,69233465
2023-12-07,171.83516011323113,175.7043821283228,170.9146528423474,172.4425468925571,38233596
2023-12-08,178.1374072291156,178.14161382534377,174.55255683654397,177.3353106966498,76812159
2023-12-11,178.3113999366334,178.3792004596167,175.0261745179933,177.7026086986739,32307757
2023-12-12,175.90048834003372,179.37475655738277,174.22660765578058,176.9611346517557,95716472
2023-12-13,179.3253677881206,181.93430064116862,175.76899039239746,180.80290576211544,79890778
2023-12-14,181.61229960042536,185.01881867034152,179.7698094256362,182.04451693136198,63313541
2023-12-15,180.1911504397577,182.6530162861207,177.6802450848301,178.87978125212774,35504774
2023-12-18,180.6348743879839,182.4796437376689,176.17254142285424,179.36993774295664,96500739
2023-12-19,182.1284694068611,183.63936551483735,178.87189543352517,183.34842275726717,99526560
2023-12-20,183.54452090915763,187.22450227723317,182.32309233155488,184.1080133669283,30245144
2023-12-21,189.19375949032676,191.74494202743162,185.65200641488752,188.60010315031795,62471186
2023-12-22,189.7508368682326,191.8672155021568,188.5407780704953,189.5527700929154,42467802
2023-12-25,187.38716627582954,189.39634876462478,185.4928981405533,186.27352172225497,77348885
2023-12-26,184.3428633439166,187.13989912092367,184.153840145286,185.94303119227132,36160780
2023-12-27,187.21808165796367,191.6444364636604,186.26316528054727,188.56956037795118,78810837
2023-12-28,189.1603045825254,193.2026801181292,187.39128449520203,190.81437947121321,79880521
2023-12-29,182.29956741025745,186.21865188210194,181.9107466917541,183.21107538450042,76485046
2024-01-01,181.9686625206789,186.71712059870487,180.85622651597677,183.17007904198212,76354359
2024-01-02,182.04705491977938,185.5033447740595,180.3199249036911,181.20367128998868,50217824
2024-01-03,177.1223397463847,180.71703170190895,175.04655279226125,178.8155827738851,60203904
2024-01-04,173.41120511539373,175.6049704724933,168.86646476955303,172.03821844482914,75283203
2024-01-05,174.0602055713631,176.22078239220048,171.1632305302399,173.88209896912707,40637774
2024-01-08,175.87006815942092,176.39340017409722,175.54507012173647,175.7832508009782,77959419
2024-01-09,177.7075257488431,179.22055245674403,176.9512925955641,177.09420964948168,99015377
2024-01-10,178.48195330015008,181.34124984298998,176.33213527936778,178.35797005371774,85461328
2024-01-11,175.32125138325753,176.52982733755942,173.88770966961707,175.118133478271,55051098
2024-01-12,174.3407615024608,179.09759396608604,173.7397089023111,175.95736755747754,39092071
2024-01-15,176.39473546315676,178.34033463099317,173.20492806564684,176.6398331936907,45468296
2024-01-16,176.38932587486332,180.7599728943793,173.2048219557566,177.71274210482275,34706977
2024-01-17,177.3327531206652,180.45479435051948,176.05850916068414,177.86869203124283,92593079
2024-01-18,179.28779849673083,180.80711078342617,175.71692631918182,179.46763858058554,73294530
2024-01-19,182.220790737188,183.21581546397908,177.94871457073592,181.02476751777493,54414267
2024-01-22,184.2279712163133,186.70857654441608,181.63133110284733,183.36010642291953,56017242
2024-01-23,183.64210392292009,187.30231346240316,178.25040950529745,181.8721743285254,43765203
2024-01-24,180.7202846957108,182.9112270650494,178.03708491359788,181.57992201384215,82490589
2024-01-25,179.11005984519798,181.31097948995108,178.18322785397058,180.27216620504112,60848861
2024-01-26,176.03081435127424,177.89494614719158,175.9043893091604,176.79294573937162,47803107
2024-01-29,176.11869960595536,179.6846136928932,174.18293148164614,176.41301847692588,48007438
2024-01-30,172.39812606205479,174.83610147138535,172.0994263181167,174.0605201290746,57500202
2024-01-31,173.19076634301,175.18289822104884,171.7537368375219,173.5455597479775,99743190
2024-02-01,173.21966533702548,174.9523759066087,170.86748188318288,172.96838099253054,34402824
2024-02-02,177.7152288837002,178.47112798684205,174.4785763505618,175.98055714008697,52655201
2024-02-05,176.16875036263465,178.21496254920726,174.63466663302657,175.18033330798073,71688040
2024-02-06,171.39684535125318,175.2773080930649,168.52324075320902,172.97225733562522,94076942
2024-02-07,170.927030228485,172.94308924267773,170.77984274200753,172.28455140768867,49830087
2024-02-08,171.8854424496264,174.42263860290325,168.24384798345181,171.36760093994138,53951718
2024-02-09,174.99533917777447,179.0542315470251,172.8941970131602,176.13558301159392,57854579
2024-02-12,169.01701909899413,172.02229112265312,166.780184314293,170.49800621990568,71966944
2024-02-13,169.00870504137552,169.85868515459282,166.1958633379802,169.0665803103166,59073249
2024-02-14,167.6182745849627,170.62655164959781,166.91859504377513,168.48594548654697,40572283
2024-02-15,174.63434991696192,176.07160219471595,174.098302597823,174.72451636488975,48905790
2024-02-16,178.32727463413727,182.34960799994823,177.1206559529633,179.62138882738878,72386189
2024-02-19,182.80226044933573,185.98574609508748,180.85276058147875,181.3204992026846,53306771
2024-02-20,179.40233398088918,181.4324111820775,177.97566887371147,180.76276228947367,85335934
2024-02-21,181.7287652263991,184.66404319638104,179.2684269414383,181.5414527104813,55614315
2024-02-22,184.3090184760219,188.08147333535615,183.20620569007767,184.47977991101868,44890859
2024-02-23,180.2564830212191,182.86723252709888,180.1311573956236,181.86401641044958,41144678
2024-02-26,180.76860308622798,183.94473091907813,176.9597854335618,179.87349555518261,63848570
2024-02-27,180.40488526395453,183.8385514048584,179.40128179255473,179.81421384911818,44070637
2024-02-28,177.85090507611773,181.78528552658312,175.81849545817568,178.79001463019947,46691172
2024-02-29,176.64974725490384,180.19679632734622,175.70983611795944,177.5246963343764,72215786
2024-03-01,171.92795150949374,174.62885470774168,169.04505156315034,171.0558326733917,95084236
2024-03-04,166.99764051484792,167.40951685474775,164.3038222477697,165.85232788822867,90735210
2024-03-05,166.04545510208195,170.73160068838556,162.72951997325785,167.43031134417438,31321191
2024-03-06,162.0695597543521,165.675901522624,160.384995880841,163.17142644123652,30860687
2024-03-07,160.82656215774335,164.5089581997654,157.6536009938999,161.676846649763,41353416
2024-03-08,160.32882199293718,163.94070820374375,159.95884247549958,161.82445444581137,33329972
2024-03-11,161.42077056999412,164.26532188641949,157.34745210792707,160.00095812694298,51087442
2024-03-12,162.45940687395358,162.94031460364363,159.33294170009643,161.86753574329356,81982419
2024-03-13,161.31760502735239,163.81788214291882,158.2722727149584,162.2049570061903,45908111
2024-03-14,167.66530904638282,169.0546353762682,166.30291375396237,166.89472483408863,67666275
2024-03-15,169.87241828900574,172.27563631952412,168.64204775993952,171.09099415718958,50048712
2024-03-18,168.65564167452206,171.86233720440038,167.86032739226204,170.22133570421556,73305254
2024-03-19,169.88464360085783,173.2103895059338,169.06025666594874,170.409063118772,40478121
2024-03-20,168.99406830407776,170.1013105116216,166.0990285701251,169.094426066017,97947841
2024-03-21,169.7401540568902,172.75014552754757,165.3883251635445,168.56346134740684,65752818
2024-03-22,169.36402645074756,169.82271667883245,165.51173002384166,168.4744999982516,69991446
2024-03-25,172.06649453459204,175.11494552428272,169.34757185109316,171.73148849499373,85839151
2024-03-26,169.74597501720908,172.0318648041161,169.06376418652832,169.07919912010325,95646343
2024-03-27,169.3730561319935,170.88031415238018,168.50964494318816,169.9583746963819,53968437
2024-03-28,171.69443901411714,173.57984458870695,169.98031182548723,170.55314840095102,82085252
2024-03-29,171.25878860527195,171.84438298949533,168.13747878619563,170.20613869930634,40728348
2024-04-01,169.0288361270588,172.17204566752034,165.95966496206162,170.50866608385752,89936459
2024-04-02,170.38900680569432,172.51679404324028,168.22258509464424,171.10891107060007,96048512
2024-04-03,175.4588458678598,176.24109106051884,173.47922375700676,174.56816157882668,87464917
2024-04-04,179.8086105335568,183.10254906424672,176.25920684199775,178.47046193499534,67475450
2024-04-05,178.1034502276355,178.42583805987067,173.94988940561146,176.84122853211468,87532445
2024-04-08,176.44005871243837,179.76419700832355,175.95774371923204,177.8825570654643,66055482
2024-04-09,183.364740712686,186.2421071004527,181.72937475339785,184.00024848372058,93126298
2024-04-10,185.24799376928704,189.98394781535615,184.3427949928053,186.55125381193773,54944482
2024-04-11,186.09907866195886,190.70410418048925,183.27938439893785,187.57165625177151,84112886
2024-04-12,190.19715228462874,194.8015856086527,189.4079080307188,191.07940394862,77348919
2024-04-15,187.4752708952935,190.63500815374223,184.29160796396283,189.02679490252248,78189194
2024-04-16,185.06956142701725,187.97502630445578,181.40943717179115,183.36345339013283,72961600
2024-04-17,188.6832537041231,191.4535938433324,187.97922271303102,189.77820944426023,54400135
2024-04-18,190.12704963546636,192.6197917934965,189.43600024951186,189.96651932992725,92133526
2024-04-19,186.00753282680444,190.4581463809594,182.8646329186087,187.17382400359242,40135903
2024-04-22,188.091502910115,192.29309512969652,186.35347094692435,188.73368568683176,73215289
2024-04-23,188.89285818258452,190.1207941850255,187.545838129457,189.3952531943597,66219296
2024-04-24,190.92637724649762,191.26786702670083,186.89155444057243,189.27680089450428,53479272
2024-04-25,188.40410840117443,191.0762169448756,187.60802522240465,188.93505317781162,79038754
2024-04-26,185.73026924838766,186.15995008085522,182.4209000629366,184.75152868340578,74117729
2024-04-29,184.6646835363112,185.63112920393021,182.80960480752535,184.95259528680907,35391864
2024-04-30,185.00129142914102,188.42683510926918,183.40340249454792,186.5575029740012,48179845
2024-05-01,188.45717769949732,190.90937705308326,184.2444263337455,187.7555058958343,83831078
2024-05-02,186.67194360960855,188.09474016359667,186.29475582749154,186.86292473250163,71677485
2024-05-03,191.67124650083488,194.16580332071536,189.53549509546488,190.1528587216042,31916626
2024-05-06,191.30973483092467,191.80747362935446,189.5768172716989,190.85982060545024,84547615
2024-05-07,187.490033274978,189.64321033323444,184.69844298785543,186.30393338035742,85888554
2024-05-08,188.37370806432773,191.57934768579182,185.59523392442887,187.78663549868298,60089193
2024-05-09,191.09425709729618,195.12072375355598,189.8715118623933,192.16707585725243,37871643
2024-05-10,191.79294338872674,194.77506343968247,189.20503574322615,191.4933553641694,30659628
2024-05-13,194.06761756626557,195.18005778919132,192.11106762228752,193.53445164995097,36283449
2024-05-14,191.85713670487382,195.52442183738603,191.82809469527336,192.63497437120992,44720180
2024-05-15,195.06358694063096,197.03078857559385,192.7750413566366,193.422216734416,79591303
2024-05-16,194.44730435672392,194.5203904610364,192.37813145457633,193.2994897521316,92126518
2024-05-17,197.35426812863733,198.39497823634588,191.86956381493206,195.51573592221766,37237149
2024-05-20,194.13989995721695,197.47785058665494,191.92085132994717,192.83524760165417,48640281
2024-05-21,197.05363577817292,199.46008653004884,193.748026077664,195.16641398632441,54095344
2024-05-22,193.64419622513896,196.3150651443548,193.40471394209357,194.5106500895838,37438267
2024-05-23,189.89788023967478,192.1304506480066,187.01305604605272,190.21381570781344,49988452
2024-05-24,191.9733520473689,193.69794971446288,189.0735273817334,192.59736830780815,47118948
2024-05-27,193.9515980540917,194.37419191874122,190.50768497086116,192.9763424032824,62010796
2024-05-28,191.2140735039752,193.6523849567007,189.8861131636355,190.4950471456272,58944053
2024-05-29,191.49377166630222,193.45127251813466,187.718111555016,190.5861558119747,41579684
2024-05-30,194.16626862853812,199.17552834691583,193.33571284597616,196.08197224719947,89581736
2024-05-31,197.06215035374132,199.4331743805303,195.44380847832898,195.5526928696957,66235243
2024-06-03,198.10069096514374,201.86890893824372,192.89902359825803,196.2501599272553,57563577
2024-06-04,193.29754132306687,198.03675668330587,191.36744404271872,194.6882723223284,84005088
2024-06-05,197.2973013682861,200.0306773626342,193.8152968446306,195.59781789761425,40814594
2024-06-06,200.81053073777917,204.72691352291946,196.16998814192485,198.8749521333154,58105372
2024-06-07,202.69600512640898,208.05537192512324,198.76890203689857,204.4763958705724,82550179
2024-06-10,202.8239142881822,203.17066601578904,201.53353585739808,201.97369909989203,60893301
2024-06-11,212.2771676259764,214.20387973580924,211.07784724615559,211.13771856028845,31709411
2024-06-12,210.95351474249253,214.49192994330792,207.17654151463404,210.70405611186771,83109703
2024-06-13,207.6577942435065,212.0373873713371,204.10714661037622,209.59629702463982,88843607
2024-06-14,210.97847867292768,212.03910213969027,207.1498940906327,210.9969176235426,85826505
2024-06-17,209.95672498107217,213.78955820135045,206.0334226979494,209.2726761841591,75175532
2024-06-18,207.95730157291214,211.42169703948497,204.86309744217937,206.67005791702968,69302849
2024-06-19,206.80728583667246,208.71630991624346,205.94052570576204,207.0361949806258,86159281
2024-06-20,209.03306879934198,210.6244259056796,203.61738534019975,207.2303935618545,96621410
2024-06-21,208.29280586113128,210.8949583587924,207.17235642904086,208.21208104821403,31447474
2024-06-24,211.43018943610141,214.4528552324463,209.37393691084833,210.00604099522562,98729006
2024-06-25,208.03995130324475,210.20563258053556,205.69802155149804,209.77168853589964,75460379
2024-06-26,208.85103977099482,212.7000436420574,206.3421657859292,208.1243487563349,59503678
2024-06-27,207.01765368624766,212.58873957180538,205.85251845694796,208.72817126329593,97040550
2024-06-28,211.7872109979959,214.39353299613018,209.65368245482586,210.1324727350695,46313544
2024-07-01,208.4555264476779,212.26280928677173,206.11953144817613,208.20203693477936,72712183
2024-07-02,202.2092190062463,205.9380058945976,199.37322138125708,204.1346887852828,83781497
2024-07-03,204.82259242918784,206.38250813203993,201.8841161862622,204.1216048038568,96208103
2024-07-04,203.5164405029452,205.96332616187658,202.57786898254346,204.1113452092923,48554034
2024-07-05,207.77425864189803,210.7250458621895,203.71563930578438,207.54096625820733,37325880
2024-07-08,210.96082616936312,212.1431905625648,206.15275618022318,209.76453079647962,69863136
2024-07-09,206.4989060028533,208.53195425138483,205.65574083459398,207.45186341889337,33423266
2024-07-10,206.98274703762257,208.1971216942713,206.5001862944104,207.04338735571483,47478405
2024-07-11,210.31247647237544,211.48308984465018,205.29221104468394,208.57271636188773,31892383
2024-07-12,208.17383235484243,209.82711194410373,204.87503273513292,209.72615093738813,36673433
2024-07-15,210.45240024761804,213.21956087371333,208.85068370311208,211.92227482476068,54146243
2024-07-16,203.7863344454183,204.3255566467831,202.12022611732002,203.40007818377856,37711507
2024-07-17,201.77981624519404,206.3726164616458,197.81290887690218,202.38146684413323,30533717
2024-07-18,202.51179937497616,206.54024007065286,197.58138898688622,200.6762210101772,36186620
2024-07-19,200.2409646133578,201.62164341995495,196.774816120413,200.4733489148948,62619668
2024-07-22,195.00398311362602,198.65417940304067,191.89080868658706,194.27612950551642,45078529
2024-07-23,191.152648836376,193.20811230628925,190.01646384253584,191.46014828506023,92486663
2024-07-24,191.1717040532362,192.47418083895295,188.31462883616936,190.8848923870514,57101140
2024-07-25,191.54870372592103,196.23377609141295,190.29758890953156,192.96754669460185,98930380
2024-07-26,197.1786743566051,198.2300918479136,194.11433887018222,197.4586667610949,97902345
2024-07-29,195.64065151121864,198.9591770389252,193.98892394392888,197.06471655281408,36472250
2024-07-30,200.9909465528739,203.68961330634676,197.85530023829904,199.69970152033378,35150682
2024-07-31,200.812946116478,204.56656294464466,198.84893267849674,200.79464136208932,31224316
2024-08-01,202.32431959109977,206.1213920340859,199.04349057451446,203.07809678299765,88838870
2024-08-02,200.8070226219411,201.61732128946906,198.80735270819542,200.07074419389733,48336189
2024-08-05,196.23420197958222,200.59690320301138,192.95017263005147,196.80187867908998,94865949
2024-08-06,197.68401888017576,200.12437371314707,192.30925681742022,196.09361314148293,80152865
2024-08-07,197.24995665842047,198.05716258993687,193.46123746444692,196.09598841298364,40914453
2024-08-08,194.17386946442448,197.25940251657534,188.61054825174003,192.30936444775838,33717452
2024-08-09,197.74394153860692,199.5086325446534,193.95699869072934,196.99697867348632,89714377
2024-08-12,196.18281478114855,198.28348863077264,195.93081830038682,196.96331998360756,35090603
2024-08-13,191.54603151725468,194.71515992426563,189.40812375318131,193.1172119132092,63885881
2024-08-14,194.5783870624465,196.66571041512887,191.40477353140938,193.5736244475348,50250425
2024-08-15,193.8813283961286,198.41365559919188,193.5420331615209,194.56775564714877,85991528
2024-08-16,198.1566270987696,201.18457802752422,196.55388511397732,199.09285612430105,78579386
2024-08-19,194.17854203384482,196.3944938997221,192.20114473117076,194.80134588214472,61136544
2024-08-20,192.99582344037867,194.4912202331473,191.65911483908621,191.6714936999263,61836344
2024-08-21,194.56261953156672,197.04495489081188,191.5689209980653,196.0136366976027,37117898
2024-08-22,193.29937555423345,195.79032950574796,191.70050639129175,192.285638199646,52657628
2024-08-23,201.6324053916904,204.02389101316453,200.14904484206153,202.13929481322606,41591488
2024-08-26,206.4149261587883,210.44680751112423,205.80514074210947,206.83461889165946,83112840
2024-08-27,206.28959055495628,209.42547364005992,204.20779029972633,205.49885018507922,55798226
2024-08-28,208.36274772089908,209.32086529171127,204.33580626028018,208.92310218134378,57066131
2024-08-29,216.36644181828606,219.63460177960332,214.9710962542817,215.0014697393194,97575702
2024-08-30,214.73476157016964,219.00858566753524,211.94366095011307,215.13530441756956,32306403
2024-09-02,216.81315676730694,218.67516305785742,211.17897906214657,215.4372589755226,49163958
2024-09-03,219.92099443702818,224.2717339405976,216.95581760545588,220.15388153565075,79422005
2024-09-04,217.49166310278295,220.1080472502701,214.87184273432456,216.06327793341111,65090242
2024-09-05,220.06615570402738,221.10319420531476,215.53192960511402,217.94761943244467,89417137
2024-09-06,213.2283088798758,218.65623359279007,213.09006031924878,215.14206464463774,58321854
2024-09-09,217.43640521728622,218.85854291922726,214.23449236413464,217.22884484479167,76394333
2024-09-10,214.75076006786077,216.8204773732742,211.967177704328,215.05807432294108,78846791
2024-09-11,220.64612253165285,224.88493227693996,218.61428120943137,220.43370530895118,98436873
2024-09-12,219.32502635567582,220.02382859557733,215.8510040964764,218.69068764847987,73081620
2024-09-13,219.3167921761716,221.89252201494642,217.85666469562096,221.35931234253923,55161110
2024-09-16,216.89397477689076,218.38834278674233,213.1076950302683,217.1814629275152,73116747
2024-09-17,215.29588956619185,217.51919051607132,212.42006500769,215.5294010765682,60565849
2024-09-18,211.839070692125,214.5113804657579,209.23104099142046,213.85821091383878,36251590
2024-09-19,217.70056125761712,221.96039420046432,213.22119794170942,216.78433752222355,78540953
2024-09-20,218.32297226245873,220.41572192777676,216.0337233924745,217.37676782970604,73782032
2024-09-23,218.93525362789202,220.3763503803326,216.18660940639754,217.2874338753753,51642640
2024-09-24,218.23667835904897,220.84417798748797,214.7460826788706,218.42459322343151,46064307
2024-09-25,224.36978134709796,227.43814052600743,222.17154927150847,222.50476325001904,86602608
2024-09-26,226.35448959645265,230.50993168249047,226.08287456079256,227.890207342042,57876320
2024-09-27,227.07524388356296,231.03627047218532,223.32130640459886,229.18969460309128,82543021
2024-09-30,229.7996123822932,233.12696311770998,225.99144382304905,230.19734029349593,80044741
2024-10-01,224.7418347349832,229.79200439855114,224.62000008403535,226.77440990985696,59377312
2024-10-02,225.336142686156,225.8501619085504,223.949321780655,224.89363366085462,58407389
2024-10-03,221.9674021296934,223.82941627383303,219.09322294547965,222.71511942016318,43416753
2024-10-04,218.4656137331816,219.8691461357276,215.88430861552357,219.3680126314462,90574932
2024-10-07,218.5681071486941,218.7209374352075,213.65615132991613,217.74499372649947,38107606
2024-10-08,210.30503892134715,213.78806192001187,209.7481984411267,210.89342043965826,67442776
2024-10-09,208.4781802998293,210.4397424238096,206.94471111039675,208.31046042085242,74848169
2024-10-10,203.41907016823214,206.07014136160208,200.76498891688613,205.347724339262,37171071
2024-10-11,208.39898368871806,210.4721168478765,206.04542306972834,207.2009953039218,97613378
2024-10-14,212.81836701389076,213.0825996618785,208.49105764987397,211.08984086637517,58282117
2024-10-15,211.52516313801837,215.04734514069108,206.58422895008772,210.7569569823965,83879382
2024-10-16,206.38265284443924,210.25678221964768,204.3115414822483,206.41417426033337,95658307
2024-10-17,205.1575896076155,209.38654449991893,203.41044796868294,205.73232631346164,41974869
2024-10-18,199.82041959025509,204.75723140774193,196.17385508498114,201.80199754816817,85426958
2024-10-21,205.44538191858817,208.18838157477242,203.31291178547409,205.72490267620196,30889965
2024-10-22,207.95569463353343,209.77938301001205,203.6162063448328,206.97122837246874,56472974
2024-10-23,209.0325127716517,212.77584626930107,207.17181734774766,208.26838712470337,33343416
2024-10-24,209.13612419159443,212.8944521351368,205.88607551002903,210.44686552523513,95890593
2024-10-25,212.79086599460646,213.74937383866484,209.77090951355538,212.27284057241627,90166424
2024-10-28,216.5048675822374,220.62533170764243,215.7896733406646,216.07448115582213,63484146
2024-10-29,215.84988885453734,217.50365550828892,212.7853958633462,217.39062775521418,63653025
2024-10-30,215.41274229350225,218.2318275949298,213.36435825816264,216.6239052888151,57524950
2024-10-31,218.13868117038166,221.64630181449968,217.04151770777008,218.88160806394282,81567432
2024-11-01,220.15629108623045,221.32625073137766,215.1498966482962,219.39222154770346,89317483
2024-11-04,214.4752483936847,218.3629273018519,210.77116849892838,215.97194224678321,70670098
2024-11-05,224.98871308245452,226.82458313053377,221.77822455650116,226.38561652911804,35795185
2024-11-06,223.71414141945212,225.36590630977315,219.96980956394003,222.51932307006842,55755248
2024-11-07,225.22831137945857,228.56443565340822,223.51735984319595,227.35126222757688,40727631
2024-11-08,233.4699749717833,234.21095228658183,229.99861800978945,231.5541151201887,80565624
2024-11-11,230.8909760257199,235.44646593945987,230.0999978364692,232.54390571619106,77497599
2024-11-12,230.8193597129712,232.48128690657822,226.31912846713766,232.34428457596275,89967201
2024-11-13,231.9511659082625,236.57082082385043,228.2774023341502,233.3648513470019,87923245
2024-11-14,238.76944331591392,242.13203189524341,235.2767411664542,237.04700552020793,56318368
2024-11-15,231.27988310567977,233.6776441368204,230.91012614685152,232.136591844709,83841024
2024-11-18,232.0136465190972,235.36910413172174,229.3433108934448,231.67514449659902,99184389
2024-11-19,230.84972243850066,232.49101406292596,226.4404983977545,231.06375931009944,70971878
2024-11-20,228.04501729065035,233.00435567244145,224.88580861921486,229.5029802352639,64246376
2024-11-21,229.7551248577575,234.15091787769563,227.14690030223278,228.27805389672008,59152335
2024-11-22,226.2406250687791,229.31289953769812,225.5217936806978,228.03424516103163,54948383
2024-11-25,230.27198996528486,230.36433089447948,226.41997447071267,228.90626904710197,94378293
2024-11-26,224.3075003640667,227.16999598751914,221.28836104676904,222.50087263348146,36641340
2024-11-27,219.98498220100257,221.58274025652108,216.31107212124758,220.56647443563935,71861104
2024-11-28,217.68074514423935,221.77604604292677,216.24777160573078,217.62504009070923,52710751
2024-11-29,217.4167668288852,219.96375641159267,213.33615414165814,217.37396891444473,48142587
